name,label,hasInferentialContent,isInferenceOfFrame,hasInferenceType
Inference_56,['The emotion or change in emotion_level...'],['The emotion or change in emotion_level occurs because of a cause.'],,
Inference_459,['Analyzing ideas'],['Analyzing ideas'],['Frame_Idea'],
Inference_182,['The army engages in fighting against...'],['The army engages in fighting against enemy_combatants on the battlefield using weapons in the context of a war_strategy devised by generals seeking to minimize enemy_conquest and achieve victory as quickly as possible.'],,
Inference_579,['Difficulties in progressing through...'],['Difficulties in progressing through life'],['Frame_Life'],
Inference_123,['Being removed from the ground and...'],"[""Being removed from the ground and having its roots torn and separated poses a threat to the plant's survival.""]",,
Inference_380,['current trajector location is profiled_region...'],['current trajector location is profiled_region defined with respect to landmark'],['Frame_Being_at_a_location'],
Inference_220,['manner of action'],['manner of action'],['Frame_Action'],
Inference_666,['slavery is involuntary obligation...'],['slavery is involuntary obligation to work for master'],['Frame_Servitude'],
Inference_436,['Being not upright or being hor...'],['Being not upright or being horizontal'],['Frame_Verticality'],
Inference_240,['A fire is dangerous to nearb_o...'],['A fire is dangerous to nearb_objects'],['Frame_Fire'],
Inference_514,['there are different paths one can...'],['there are different paths one can take to reach a different destination'],['Frame_Self_propelled_motion_to_a_destination'],
Inference_159,['experience of surprise has sudden...'],['experience of surprise has sudden short onset'],,['aspectual']
Inference_112,['Grasping is a precondition for...'],['Grasping is a precondition for possession.'],,
Inference_216,['Caused inability to act'],['Caused inability to act'],['Frame_Action'],
Inference_274,['willingness to change possessi...'],['willingness to change possession'],['Frame_Transfer_scenario'],
Inference_452,['Flavorless food'],['Flavorless food'],['Frame_Food'],
Inference_224,['rate of action'],['rate of action'],['Frame_Action'],
Inference_280,"['at initial stage, possessor possesses...']","['possessor possesses object', 'at initial stage']",['Frame_Lose_possession'],
Inference_641,['eliminating social problem restores...'],['eliminating social problem restores social functioning'],['Frame_Social_problems'],
Inference_315,['Words and linguistic expressio...'],['Words and linguistic expressions'],['Frame_Communication'],
Inference_189,"[""the quality of the Seer's vision...""]","[""the quality of the Seer's vision affects how well he can see an object""]",['Frame_Seeing'],
Inference_271,['state change would not have occurred...'],['state change would not have occurred wihtout a cause'],['Frame_Caused_change_of_state'],
Inference_148,['The presence/absence of certain...'],"[""The presence/absence of certain conditions will affect how a given motion event 'unfolds'. These conditions include: necessary resources (mover's energy/inertia); restraints on mover; obstacles on path; nature of terrain; burdens that mover must carry (additional mass that mover must move)""]",,['x-schema conditions']
Inference_231,['sequence of actions'],['sequence of actions'],['Frame_Self_propelled_motion'],
Inference_568,['nullSourceInference'],['nullSourceInference'],['Frame_Verticality'],
Inference_359,['Having intense emotion'],['Having intense emotion'],['Frame_Emotional_intensity'],
Inference_341,['Being controlled by someone'],['Being controlled by someone'],['Frame_Control'],
Inference_149,['The actor acts in order to move....'],['The actor acts in order to move.  Action continues until actor reaches goal.'],,
Inference_19,['topological structure is such that...'],['topological structure is such that exterior and interior are separated by boundary.'],,
Inference_262,['preventing downward motion'],['preventing downward motion'],['Frame_Downward_motion'],
Inference_663,['(obligation of) paying taxes negatively...'],['(obligation of) paying taxes negatively affects the taxpayer'],['Frame_Taxation'],
Inference_136,['A owes B (is in debt to B) if B...'],['A owes B (is in debt to B) if B does something good for A.'],,['normative-Western society']
Inference_156,['Sheep are not capable of flourishing...'],['Sheep are not capable of flourishing on their own (without shepherd).'],,
Inference_330,['not having a possession'],['not having a possession'],['Frame_Possession'],
Inference_242,['high fire_intensity can render...'],['high fire_intensity can render burning_object_condition nonfunctional'],['Frame_Fire'],
Inference_517,['a well-functioning/non-functioning...'],['a well-functioning/non-functioning mind'],['Frame_Cognizing'],
Inference_461,['Structure of an idea'],['Structure of an idea'],['Frame_Idea'],
Inference_335,['attaining control'],['attaining control'],['Frame_Control'],
Inference_70,['The amount of force applied to...'],['The amount of force applied to the acted_upon is closely correlated with the amount of effort the actor exerts.'],,
Inference_616,['Obstacles to motion along a pa...'],['Obstacles to motion along a path'],['Frame_Journey'],
Inference_505,['decreases in quantity'],['decreases in quantity'],['Frame_Quantity'],
Inference_385,['more force'],['more force'],['Frame_Force'],
Inference_134,"['If you are pursuing something,...']","['you want it (for some purpose)', 'If you are pursuing something', 'but do not currently have possession or control of it.']",,
Inference_476,['Impediments to seeing (visual ...'],['Impediments to seeing (visual obstructions)'],['Frame_Seeing'],
Inference_387,['freedom to act'],['freedom to act'],['Frame_Freedom_of_action'],
Inference_235,['x-schema stages are ordered.  Intitial...'],['x-schema stages are ordered.  Intitial > start > ongoing > finish > final'],,['x-schema stage']
Inference_433,['Being sad or unhappy'],['Being sad or unhappy'],['Frame_Happiness'],
Inference_26,['Degree of negative effect is related...'],['Degree of negative effect is related to the weight of the burden.'],,
Inference_597,['greater quantities'],['greater quantities'],['Frame_Quantity'],
Inference_431,['Being happy'],['Being happy'],['Frame_Happiness'],
Inference_486,['Seeing from a relatively long ...'],['Seeing from a relatively long distance'],['Frame_Seeing'],
Inference_188,"[""being unable to evaluate an evaluee's...""]","[""being unable to evaluate an evaluee's action""]",['Frame_Evaluation'],
Inference_430,['Being physically upright'],['Being physically upright'],['Frame_Verticality'],
Inference_621,['Changing visual attention'],['Changing visual attention'],['Frame_Seeing'],
Inference_557,['Nation failing to function eff...'],['Nation failing to function effectively'],['Frame_Nation'],
Inference_278,"['at final stage, possessor possesses...']","['possessor possesses object', 'at final stage']",['Frame_Gain_possession'],
Inference_652,['current location on path'],['current location on path'],['Frame_Bounded_region'],
Inference_34,['direction of change is towards...'],['direction of change is towards cleanliness'],,
Inference_90,['If container_pressure exceeds the...'],"['the container will could blow its container_top and vent fluid.  This could be dangerous to people around the container.', 'If container_pressure exceeds the container_pressure_limit of the container']",,['typical experience']
Inference_513,['rate of motion'],['rate of motion'],['Frame_Action'],
Inference_65,['Keeping track of what is owed is...'],['Keeping track of what is owed is keeping the books.'],,
Inference_669,"['intially, controlling entity is...']","['intially', 'controlling entity is in  control']",['Frame_Control'],
Inference_421,['the government is responsible for...'],['the government is responsible for taking care of the governed'],['Frame_Government'],
Inference_80,['A bridge across the gap provides...'],['A bridge across the gap provides a means to cross the gap.'],,
Inference_153,['Sequence has a temporal order.'],['Sequence has a temporal order.'],,
Inference_589,['making progress'],['making progress'],['Frame_Purposeful_action'],
Inference_193,['the presence/absence of obstructions...'],['the presence/absence of obstructions affects how well the See-er can see an object'],['Frame_Seeing'],
Inference_614,['Two people traveling together have...'],['Two people traveling together have a common destination a journey'],['Frame_Journey'],
Inference_586,['lack of direction'],['lack of direction'],['Frame_Self_propelled_motion_to_a_destination'],
Inference_168,['Truster could leave self physically...'],['Truster could leave self physically vulnerable to Trusted.'],,
Inference_176,['A multi-person vehicle is a means...'],['A multi-person vehicle is a means for reaching common destinations.'],,
Inference_53,['The effect the disease has on the...'],['The effect the disease has on the patient is related to the nature of the disease.'],,
Inference_199,['Lack of direction'],['Lack of direction'],['Frame_Motion_to_a_location'],
Inference_190,"[""Knower's personal ability to know...""]","[""Knower's personal ability to know things affects how well he can learn about something""]",['Frame_Knowing'],
Inference_10,"['As anger_level increases, its physiological...']","['body_pressure', 'and redness of face_appearance).', 'body_agitation', 'its physiological effects increase (body_heat', 'As anger_level increases']",,
Inference_703,['Decreasing well-being'],['Decreasing well-being'],['Frame_Well_being'],
Inference_336,['loss of a possession'],['loss of a possession'],['Frame_Possession'],
Inference_192,['the ease with which the Knower...'],['the ease with which the Knower can access knowledge affects how easily he can learn something'],['Frame_Knowing'],
Inference_489,['Knowing from a perspective'],['Knowing from a perspective'],['Frame_Knowing'],
Inference_360,['Experiencing average body temp...'],['Experiencing average body temperature'],['Frame_Temperature'],
Inference_670,"['at end, possessor no longer possesses...']","['possessor no longer possesses object', 'at end']",['Frame_Lose_possession'],
Inference_215,['Prevention of motion along a p...'],['Prevention of motion along a path'],['Frame_Motion_along_a_path'],
Inference_294,"[""location can be changed by 'self'/trajector...""]","[""location can be changed by 'self'/trajector (e.g. self-propelled motion)""]",['Frame_Motion_along_a_path'],
Inference_469,['actions can inhibit progress of...'],"['actions can inhibit progress of a bill', 'and may prevent its enactment']",['Frame_Legislation_enactment'],
Inference_129,"[""Distance less than norm is 'close'/'proximal',...""]","[""distance greater than norm is 'far'/'distal'."", ""Distance less than norm is 'close'/'proximal'""]",,
Inference_348,['A wild animal ravages its prey'],['A wild animal ravages its prey'],['Frame_Fierce_animal'],
Inference_692,['Inability to grasp'],['Inability to grasp'],['Frame_Object_manipulation'],
Inference_656,['past locations along a path'],['past locations along a path'],['Frame_Bounded_region'],
Inference_444,['Disgusting foods'],['Disgusting foods'],['Frame_Food'],
Inference_615,['Two people in a relationship have...'],['Two people in a relationship have compatible purposes in a romantic relationship'],['Frame_Romantic_relationship'],
Inference_101,['The motion impediment negatively...'],"[""The motion impediment negatively affects the mover's motion (e.g. slows or stops motion and/or increases energy needed for mover to move).""]",,['causal']
Inference_396,"['""down"" end of vertical scale']","['""down"" end of vertical scale']",['Frame_Verticality'],
Inference_12,"[""The barrier_object's 'force-related'...""]","['porosity and/or fixedness)are such that a given type of mover cannot go through it.', ""The barrier_object's 'force-related' properties (e.g. its strength""]",,['f-d relation']
Inference_74,['the application of force precedes...'],['the application of force precedes or accompanies the movement'],,"['causal', 'temporal']"
Inference_238,['burning_object can be on fire at...'],['burning_object can be on fire at low fire_intensity for a long time and then burst into flame (high fire_intensity)'],['Frame_Fire'],
Inference_284,['moving into a bounded region (...'],['moving into a bounded region (goal)'],['Frame_Motion_along_a_path'],
Inference_548,['Demolishing a building.'],['Demolishing a building.'],['Frame_Building'],
Inference_636,['diagnosing the physical afflic...'],['diagnosing the physical affliction'],['Frame_Physical_affliction'],
Inference_2,"['During process of absorption, the...']","['the absorbent entity becomes progressively wetter and/or full of water', 'During process of absorption']",,['incremental change of property value (wetness/fullness)']
Inference_610,['A boat on the rocks is immobilized...'],['A boat on the rocks is immobilized but can be repaired and sent back on its way'],['Frame_Boat_on_the_rocks'],
Inference_493,['Knowing in detail'],['Knowing in detail'],['Frame_Knowing'],
Inference_673,['Arguing against assumptions of...'],['Arguing against assumptions of theories'],['Frame_Theory'],
Inference_599,['lesser quantities'],['lesser quantities'],['Frame_Quantity'],
Inference_88,['the heat_level is greater than...'],['the heat_level is greater than body temperature'],,
Inference_245,['Increasing or intensifying ang...'],['Increasing or intensifying anger'],['Frame_Anger'],
Inference_399,['Remaining good in the face of ...'],['Remaining good in the face of evil'],['Frame_Goodness'],
Inference_524,['draining or leaking of liquid'],['draining or leaking of liquid'],['Frame_Liquid'],
Inference_151,"['The speed of motion, elapsed time,...']","['elapsed time', 'and distance travelled are inter-related (D = RT). e.g. higher speed enables mover to cover a given distance in less time or a greater distance in a given time.', 'The speed of motion']",,
Inference_5,"[""For dynamic situations, the trajector's...""]","['For dynamic situations', ""the trajector's path is perpendicular to the landmark's main axis. The trajector moves from one side of this axis to the other.""]",,
Inference_500,['nullSourceInference'],['nullSourceInference'],['Frame_Plants'],
Inference_195,['change in ability to see'],['change in ability to see'],['Frame_Seeing'],
Inference_57,['A change in emotion_level is accompanied...'],['A change in emotion_level is accompanied by a corresponding change in bodily_effect and face_appearance.'],,
Inference_688,['decrease in structural_integri...'],['decrease in structural_integrity'],['Frame_Building'],
Inference_650,['scalar'],['scalar'],['Frame_Physical_entity'],
Inference_222,['stage of action'],['stage of action'],['Frame_Action'],
Inference_569,['nullTargetEntailment'],['nullTargetEntailment'],['Frame_Positivity_scale'],
Inference_54,['A body becomes sick when diseased_cells...'],['A body becomes sick when diseased_cells reach a sufficient ratio in comparison to healthy_cells.'],,
Inference_425,"['government makes decisions, people...']","['people do what government wants them to', 'government makes decisions']",['Frame_Government'],
Inference_289,['transition to a state'],['transition to a state'],['Frame_Change_of_state'],
Inference_27,['state change would not have occured...'],['state change would not have occured without an (external) cause'],,
Inference_180,"['One end of the scale is ""up"" and...']","['One end of the scale is ""up"" and the other end is ""down"". These are mutually exclusive positions.']",,
Inference_239,['An anger experiencer can have low...'],['An anger experiencer can have low anger_level for a long time and then suddenly become very angry (high anger_level)'],['Frame_Anger'],
Inference_214,['things that increase difficulty...'],['things that increase difficulty of action'],['Frame_Action'],
Inference_68,['Putting out a fire is carried out...'],['Putting out a fire is carried out with a non-flammable liquid. This inference leads to fruitful linguistic metaphors in Zulu but not so much in English (Kovecses 2005:127).'],,
Inference_318,['Being physically upright'],['Being physically upright'],['Frame_Verticality'],
Inference_125,['If the Possessor does not have...'],"['the possessor does not possess that object.', 'If the Possessor does not have control and/or access to an object']",,['negation']
Inference_447,['Interesting ideas'],['Interesting ideas'],['Frame_Idea'],
Inference_314,['containers and vehicles via which...'],['containers and vehicles via which objects are transferred'],['Frame_Transfer_scenario'],
Inference_522,['results of bodily processes'],['results of bodily processes'],['Frame_Bodily_functioning'],
Inference_564,['nullSourceInference'],['nullSourceInference'],['Frame_Overeating'],
Inference_470,['An appetizing food'],['An appetizing food'],['Frame_Food'],
Inference_681,['Being unable to think about different...'],['Being unable to think about different things'],['Frame_Thinking_about'],
Inference_384,['bigger object'],['bigger object'],['Frame_Object'],
Inference_544,['motion towards higher end of verticality...'],['motion towards higher end of verticality scale'],['Frame_Verticality'],
Inference_1,"['Before absorption process, fluid...']","['water moves into absorbent thing.  At finish', 'there is less fluid outside absorbent thing than there was at the beginning of the process.', 'Before absorption process', 'fluid is outside of absorbent thing.  During process']",,"['change of location (and/or change of quantity of substance at different locations).', 'motion']"
Inference_366,['nullSourceInference'],['nullSourceInference'],['Frame_Object'],
Inference_311,"['Intially, addressee is not aware...']","['Intially', 'addressee is not aware of message']",['Frame_Communication'],
Inference_528,['flow of liquid'],['flow of liquid'],['Frame_Liquid'],
Inference_487,['Knowing overall'],['Knowing overall'],['Frame_Knowing'],
Inference_75,['the movement would not have occurred...'],['the movement would not have occurred without the application of a force'],,['causal']
Inference_329,['being able to control a person...'],['being able to control a person or situation'],['Frame_Control'],
Inference_420,['parents are responsible for taking...'],['parents are responsible for taking care of their children'],['Frame_Nuclear_family'],
Inference_511,['effortfulness of action'],['effortfulness of action'],['Frame_Action'],
Inference_89,['If fluid_heat_level exceeds the...'],"['the fluid will turn into a form (steam) that rapidly increases the container_pressure.', 'If fluid_heat_level exceeds the fluid_boiling_point']",,['typical experience']
Inference_595,['another person guide action'],['another person guide action'],['Frame_Purposeful_action'],
Inference_184,['It is difficult for physical_entity...'],['It is difficult for physical_entity to get out of the water_region.'],,
Inference_619,['scalar change inovovles incremental...'],['scalar change inovovles incremental changes in scalar values'],['Frame_Scale'],
Inference_264,['downward motion; motion towards...'],['downward motion; motion towards low(er) location'],['Frame_Being_at_a_Low_Location'],
Inference_323,['nullTargetEntailment'],['nullTargetEntailment'],['Frame_Resource_consumption'],
Inference_561,['Leading a nation'],['Leading a nation'],['Frame_Nation'],
Inference_585,['achieving a purpose'],['achieving a purpose'],['Frame_Purposeful_action'],
Inference_179,['The driver controls the speed and...'],"['the vehicle is unlikely to reach its destination.', ""The driver controls the speed and direction of the vehicle's motion in order to get the vehicle to the intended destination.  If the driver doesn't know which direction to steer""]",,
Inference_243,['high anger_level can render mind_condition...'],['high anger_level can render mind_condition nonfunctional'],['Frame_Anger'],
Inference_412,['The driver controls the speed and...'],"[""The driver controls the speed and direction of the vehicle's motion in order to get the vehicle to the intended destination""]",['Frame_Vehicular_motion'],
Inference_258,['change in possession status'],['change in possession status'],['Frame_Possession'],
Inference_643,['extent of social problem'],['extent of social problem'],['Frame_Social_problems'],
Inference_43,['container boundary may prevent...'],['container boundary may prevent physical and/or visual access to contents by agents who are in exterior region (outside of container).'],,
Inference_698,['Downward motion along or low point...'],['Downward motion along or low point on a vertical scale'],['Frame_Verticality'],
Inference_697,['Well-being (feeling well physically...'],['Well-being (feeling well physically and/or psychologically)'],['Frame_Well_being'],
Inference_355,['Taking an important test'],['Taking an important test'],['Frame_Educational_evaluation'],
Inference_20,"['To be functional, a building needs...']","['a building needs to have structural integrity.', 'To be functional']",,
Inference_392,['chnage in vertical position'],['chnage in vertical position'],['Frame_Verticality'],
Inference_617,['Difficulties in a romantic rel...'],['Difficulties in a romantic relationship'],['Frame_Romantic_relationship'],
Inference_345,"['as crime spreads throughout society,...']","['as crime spreads throughout society', 'social functions more poorly']",['Frame_Crime'],
Inference_658,['Higher point(s) along a vertical...'],['Higher point(s) along a vertical scale'],['Frame_Verticality'],
Inference_152,"[""Mover's choice of direction will...""]","[""Mover's choice of direction will affect which locations (including Goal) the mover can reach.""]",,
Inference_251,['The effect of increased anger_level...'],"['The effect of increased anger_level is increased body_heat', 'body_pressure', 'and body_agitation']",['Frame_Anger'],
Inference_96,['The ability of the machine to function...'],"['The ability of the machine to function (operating_x-schema execution) depends on the state of its physical structure (functional_status).  If a machine is broken', ""it will not function.  If it is 'well-oiled' it will perform more efficiently than if it is 'rusty'.""]",,
Inference_638,['treating an illness should improve...'],['treating an illness should improve physical health'],['Frame_Physical_affliction'],
Inference_661,['A decrease in status'],['A decrease in status'],['Frame_Status'],
Inference_525,['loss of money'],['loss of money'],['Frame_Money'],
Inference_331,['not being able to control a person...'],['not being able to control a person or possession'],['Frame_Control'],
Inference_268,['motion upwards; motion away from...'],['motion upwards; motion away from a low location'],['Frame_Being_at_a_Low_Location'],
Inference_277,"['at initial stage, experiencer does...']","['at initial stage', 'experiencer does not experience state']",['Frame_Change_of_state'],
Inference_202,['Aids to achieving a purpose'],['Aids to achieving a purpose'],['Frame_Purposeful_action'],
Inference_415,['a jurisdiction and its populace...'],['a jurisdiction and its populace all share a common fate'],['Frame_Governing_action'],
Inference_263,['preventing becoming impoverish...'],['preventing becoming impoverished'],['Frame_Impoverished'],
Inference_637,"['analyzing the cause, scope, etc...']","['analyzing the cause', 'etc of the social problem', 'scope']",['Frame_Social_problems'],
Inference_154,['If shepherd successfully performs...'],"['If shepherd successfully performs actions', 'sheep will flourish; if not', 'sheep will not flourish (and may become unhealthy or die).']",,
Inference_185,['being able to see something'],['being able to see something'],['Frame_Seeing'],
Inference_676,['being in a bounded region of s...'],['being in a bounded region of space'],['Frame_Motion'],
Inference_382,['lack of possession relation with...'],['lack of possession relation with a particular enity'],['Frame_Possession'],
Inference_467,['Being unimportant or insignifi...'],['Being unimportant or insignificant'],['Frame_Importance'],
Inference_73,['The outcome of the interaction...'],"['including the amount of force transferred', 'the direction of that force', 'The outcome of the interaction will depend on several factors', ""and the (resistant) 'strength' of the force_receiver.""]",,['force-dynamic']
Inference_671,"['at end, controlling entity is no...']","['controlling entity is no longer in control', 'at end']",['Frame_Control'],
Inference_145,['When you see something you perceive...'],['When you see something you perceive that it exists'],,['image schema']
Inference_662,['presence of burden negatively affects...'],"[""presence of burden negatively affects burdened_entity's ability to move or act""]",['Frame_Burden'],
Inference_704,['ability to access contents'],['ability to access contents'],['Frame_Containing'],
Inference_117,['Constructive actions cause an increase...'],['Constructive actions cause an increase in  structural_integrity'],,['cause scalar change']
Inference_657,['past states of nation'],['past states of nation'],['Frame_Nation'],
Inference_468,['impediments can negatively affect...'],"[""impediments can negatively affect mover's motion (e.g. slow or stop motion and/or increase energy needed for mover to move).""]",['Frame_Impediment_to_motion'],
Inference_87,"['When one is healthy, one is not...']","['When one is healthy', 'one is not sick; when one is sick one is not healthy.']",,['If p then not q; if q then not p']
Inference_398,['Resisting destabilizing force'],['Resisting destabilizing force'],['Frame_Verticality'],
Inference_434,['Being upright'],['Being upright'],['Frame_Verticality'],
Inference_61,['In order to be able to evaluate...'],"[""In order to be able to evaluate an evaluee's behavior"", 'the evaluator needs to be able to know what the evaluee is doing.']",,['precondition']
Inference_253,"['initially, controlling_entity is...']","['controlling_entity is not in control', 'initially']",['Frame_Control'],
Inference_108,"[""The mover's mass affects the speed...""]","['more energy is required.', ""The mover's mass affects the speed of motion and/or the amount of energy needed for mover to move.  For instance"", ""if mass is increased (e.g. if 'burdens' are added)""]",,
Inference_413,['The government acts so as to bring...'],"['The government acts so as to bring about desired states of the governed (e.g. populace', 'nation)']",['Frame_Governing_action'],
Inference_456,['Constructing or structuring complex...'],['Constructing or structuring complex objects'],['Frame_Object'],
Inference_598,['smaller sizes'],['smaller sizes'],['Frame_Size'],
Inference_473,['Gaining knowledge'],['Gaining knowledge'],['Frame_Knowing'],
Inference_606,['Vehicle encountering obstacles'],['Vehicle encountering obstacles'],['Frame_Vehicle'],
Inference_368,['change of spatial relation'],['change of spatial relation'],['Frame_Spatial_relation'],
Inference_110,['Parents have (some degree of) control...'],"[""Parents have (some degree of) control over children's actions""]",,
Inference_653,['current state of nation'],['current state of nation'],['Frame_Nation'],
Inference_276,"['at intitial stage, possessor does...']","['at intitial stage', 'possessor does not possess object']",['Frame_Gain_possession'],
Inference_71,"['To apply force, actor must be in...']","['actor must be in contact with acted_upon', 'To apply force']",,
Inference_538,['Being upright'],['Being upright'],['Frame_Upright_posture'],
Inference_207,['the trajector is not at the la...'],['the trajector is not at the landmark'],['Frame_Being_at_a_location'],
Inference_534,['being straight'],['being straight'],['Frame_Straightness'],
Inference_208,['the actor does not perform an ...'],['the actor does not perform an action'],['Frame_Action'],
Inference_492,['Seeing from a short distance'],['Seeing from a short distance'],['Frame_Seeing'],
Inference_66,['The cause_of_fire causes fire to...'],['The cause_of_fire causes fire to the burning_object which will eventually alter the burning_object_condition from its canonical to consumed state.'],,
Inference_130,['The closer an object gets to another...'],"['the smaller the distance between them becomes.', 'The closer an object gets to another object']",,
Inference_512,['speed of motion'],['speed of motion'],['Frame_Self_propelled_motion'],
Inference_408,"[""Childcare provider's duties are...""]","[""Childcare provider's duties are to ensure the health"", 'safety', 'and well-being of the children.']",['Frame_Child_care'],
Inference_405,['the ability of the government to...'],['the ability of the government to fulfill its responsibilites depends on its functional status'],['Frame_Government_institution'],
Inference_665,['amount of taxes is related to degree...'],['amount of taxes is related to degree to which taxpayer is affected'],['Frame_Taxation'],
Inference_466,['Having a small size'],['Having a small size'],['Frame_Size'],
Inference_479,"[""Knower's ability to know""]","[""Knower's ability to know""]",['Frame_Knowing'],
Inference_451,['Substantial ideas'],['Substantial ideas'],['Frame_Idea'],
Inference_291,['state change can be caused by an...'],['state change can be caused by an external entity'],['Frame_Change_of_state'],
Inference_551,['Fixing the problems of a natio...'],['Fixing the problems of a nation.'],['Frame_Nation'],
Inference_210,"[""'closeness' to performing an a...""]","[""'closeness' to performing an action""]",['Frame_Action'],
Inference_667,['taxation is involuntary payment...'],['taxation is involuntary payment to government'],['Frame_Taxation'],
Inference_419,['government has some degree of control...'],['government has some degree of control over the actions of the governed'],['Frame_Government'],
Inference_515,['there are different means one can...'],['there are different means one can use to achieve a purpose'],['Frame_Purposeful_action'],
Inference_535,['being moral'],['being moral'],['Frame_Morality'],
Inference_9,"[""presence of the 'cause' results...""]","[""presence of the 'cause' results in some effect to the mover's motion that is different than if the 'cause' was not present""]",,
Inference_590,['amount of effort it takes to change...'],['amount of effort it takes to change location'],['Frame_Self_propelled_motion_to_a_destination'],
Inference_450,['Meat'],['Meat'],['Frame_Food'],
Inference_578,['Impediments to motion along a ...'],['Impediments to motion along a path'],['Frame_Motion_along_a_path'],
Inference_474,['Aid to seeing'],['Aid to seeing'],['Frame_Seeing'],
Inference_111,['Parents are responsible for taking...'],"['Parents are responsible for taking care of children (feeding', 'etc.)', 'housing', 'protecting from harm']",,
Inference_181,['When the obstructing object is...'],"['When the obstructing object is present', 'the seer cannot see the focal_object.']",,
Inference_531,['wasting money'],['wasting money'],['Frame_Money'],
Inference_555,['Taking apart a nation'],['Taking apart a nation'],['Frame_Nation'],
Inference_14,"[""The located_thing is 'in' a bounded...""]","[""The located_thing is 'in' a bounded entity when it is co-located with the interior of that entity""]",,['image schema']
Inference_282,"['at final stage, possessor does...']","['possessor does not possess object', 'at final stage']",['Frame_Lose_possession'],
Inference_395,"['""functional"" end of functional...']","['""functional"" end of functionality_scale']",['Frame_Functionality'],
Inference_442,['Nutritious foods'],['Nutritious foods'],['Frame_Food'],
Inference_306,['Accepting objects'],['Accepting objects'],['Frame_Transfer_scenario'],
Inference_583,['amount of progress'],['amount of progress'],['Frame_Purposeful_action'],
Inference_596,['larger sizes'],['larger sizes'],['Frame_Size'],
Inference_702,"['Decreasing wealth (loss, cost)']","['cost)', 'Decreasing wealth (loss']",['Frame_Wealth'],
Inference_135,['quantity values progressively increase...'],"[""quantity values progressively increase from one end of the scale ('bottom') to the other ('top').""]",,
Inference_490,['Showing'],['Showing'],['Frame_Seeing'],
Inference_24,['Constructive actions cause an increase...'],['Constructive actions cause an increase in structural_integrity'],,['cause scalar change']
Inference_261,['state/attribute standard is not...'],['state/attribute standard is not associated with entity'],['Frame_Attribute'],
Inference_644,['connectors keep items together'],['connectors keep items together'],['Frame_Physical_connection'],
Inference_269,['becoming less impoverished'],['becoming less impoverished'],['Frame_Impoverished'],
Inference_22,['Some parts of the building (e.g....'],"['Some parts of the building (e.g. foundation', 'and the building may collapse.', 'it will not provide as much support', 'pillars hold up the roof). If a supporting part is damaged', 'pillars) support other parts of the building (e.g.']",,
Inference_608,['A boat on the rocks is immobilized...'],['A boat on the rocks is immobilized as a consequence of being on the rocks.'],['Frame_Boat_on_the_rocks'],
Inference_23,['Destructive actions and/or processes...'],['Destructive actions and/or processes cause a decrease in structural_integrity'],,['cause scalar change']
Inference_603,['lesser quantities'],['lesser quantities'],['Frame_Quantity'],
Inference_338,['High point on a vertical scale'],['High point on a vertical scale'],['Frame_Verticality'],
Inference_232,['sequence of movements'],['sequence of movements'],['Frame_Action'],
Inference_523,['results of mental processes'],['results of mental processes'],['Frame_Cognizing'],
Inference_177,"['In a two-person vehicle, the travellers...']","['the travellers are close.', 'In a two-person vehicle']",,
Inference_414,['a vehicle and its contents (driver...'],['a vehicle and its contents (driver and passengers) all move to the same locations'],['Frame_Vehicular_motion'],
Inference_172,['DESERVING: Trusted uses power to...'],"['and Truster assesses whether Trusted deserves the benefit.', 'DESERVING: Trusted uses power to benefit Truster']",,
Inference_482,['Discovery'],['Discovery'],['Frame_Seeing'],
Inference_158,['The different values for a given...'],"['The different values for a given state/property are (generally) mutually exclusive. E.g. something cannot simultaneously be big and small.  So', 'if a state_holder is associated with one property value', 'it implies that it is not also (simultaneously) associated with the other possible values.']",,
Inference_648,['people experience physical ail...'],['people experience physical ailments'],['Frame_Person'],
Inference_170,['Truster benefits by a) getting...'],['Truster benefits by a) getting active benefits and b) not having to spend resources on self-protection.'],,
Inference_45,['If the controlling_entity is exercising...'],"['he will adjust the parameters of the dependent_process such that these objectives are accomplished.', 'If the controlling_entity is exercising control to achieve some objectives']",,
Inference_381,['current experience is defined with...'],['current experience is defined with respect to a particular state value'],['Frame_Experiencing_a_state'],
Inference_63,['A factory is a functional whole...'],"['each of which is dedicated to completing one piece of the final product produced by the factory as a whole.', 'A factory is a functional whole composed of interdependent homogenous parts']",,
Inference_265,['becoming impoverished'],['becoming impoverished'],['Frame_Impoverished'],
Inference_333,['change in ability to control a...'],['change in ability to control a person or situation'],['Frame_Control'],
Inference_556,['Machine breaking down'],['Machine breaking down'],['Frame_Machine'],
Inference_527,['state of having no money'],['state of having no money'],['Frame_Money'],
Inference_592,['mover stops moving when destination...'],['mover stops moving when destination (end of path) is reached'],['Frame_Self_propelled_motion_to_a_destination'],
Inference_475,['Aid to knowing'],['Aid to knowing'],['Frame_Knowing'],
Inference_411,['The citizens are not capable of...'],['The citizens are not capable of taking care of themselves without the help of the government'],['Frame_Government'],
Inference_132,['Motion is required in order to...'],['Motion is required in order to increase or decrease proximity between two objects.'],,
Inference_361,['Having mild or average emotion...'],['Having mild or average emotions'],['Frame_Emotional_intensity'],
Inference_630,['processes that affect the strength...'],['processes that affect the strength of the fabric'],['Frame_Textile'],
Inference_707,['amount of meaning'],['amount of meaning'],['Frame_Word'],
Inference_639,['addressing a social problem should...'],"[""addressing a social problem should improve society's function""]",['Frame_Social_problems'],
Inference_305,['Success of communication'],['Success of communication'],['Frame_Communication'],
Inference_307,['Accepting ideas'],['Accepting ideas'],['Frame_Communication'],
Inference_565,['nullTargetEntailment'],['nullTargetEntailment'],['Frame_Resource_consumption'],
Inference_604,['nullSourceInference'],['nullSourceInference'],['Frame_Proximity'],
Inference_126,"['In primary physical experience,...']","['possession correlates with co-location of possessor and possessed object', 'the physical relation between Possessor and object indicates the status of the possession relation.  Holding and/or grasping (and', 'co-location with) the object indicate possession; not holding/grasping indicate lack of possession.  More generally', 'and lack of possession with lack of co-location (i.e. some distance between the two)', 'more generally', 'In primary physical experience']",,
Inference_441,['Good ideas'],['Good ideas'],['Frame_Idea'],
Inference_295,"[""state can be changed by 'self'...""]","[""state can be changed by 'self'/experiencer""]",['Frame_Change_of_state'],
Inference_642,['extent of affliction'],['extent of affliction'],['Frame_Physical_affliction'],
Inference_334,['gaining a possession'],['gaining a possession'],['Frame_Possession'],
Inference_645,['relations keep the members (and...'],['relations keep the members (and group as a whole) together'],['Frame_Social_group'],
Inference_580,['Cleansing'],['Cleansing'],['Frame_Cleanliness'],
Inference_139,"[""If the resource is 'consumed' when...""]","['then the amount of resource will decrease during use', ""If the resource is 'consumed' when it is used""]",,['change in  quantity']
Inference_93,['The cause_of_insanity causes the...'],"[""The cause_of_insanity causes the insane_person's agitation_level to increase.  If the agitation_level increases beyond the insane_person's agitation_limit"", 'they will exhibit insane_behavior.']",,
Inference_252,"['initially, possessor does not possess...']","['possessor does not possess object', 'initially']",['Frame_Gain_possession'],
Inference_317,['Success of communication'],['Success of communication'],['Frame_Communication'],
Inference_91,['unless measures are taken to stop...'],"['unless measures are taken to stop it', 'disease will continue to spread within the population']",,
Inference_453,['Uninteresting ideas'],['Uninteresting ideas'],['Frame_Idea'],
Inference_228,['external agents that affect ac...'],['external agents that affect action'],['Frame_Action'],
Inference_328,['possessing a possession'],['possessing a possession'],['Frame_Possession'],
Inference_254,"['at end, possessor possesses ob...']","['possessor possesses object', 'at end']",['Frame_Gain_possession'],
Inference_325,['The actions of an entity that is...'],"[""The actions of an entity that is within the controlling_entity's scope_of_control can be controlled by that controlling_entity""]",['Frame_Control'],
Inference_372,['difference in location of entity...'],['difference in location of entity 1 and 2'],['Frame_Spatial_relation'],
Inference_377,['not currently experiencing a state...'],['not currently experiencing a state value'],['Frame_Experiencing_a_state'],
Inference_496,['nullSourceInference'],['nullSourceInference'],['Frame_Physical_structure'],
Inference_367,['nullTargetEntailment'],['nullTargetEntailment'],['Frame_Event'],
Inference_437,['Being sick'],['Being sick'],['Frame_Health'],
Inference_256,['possessor has possession'],['possessor has possession'],['Frame_Possession'],
Inference_478,"[""Seer's ability to see""]","[""Seer's ability to see""]",['Frame_Seeing'],
Inference_174,['A vehicle is a means for reaching...'],['A vehicle is a means for reaching destinations.'],,
Inference_51,"['At some point, objects are attached...']","['objects are attached to one another (see inferences associated with attachment).  At a later point', 'this relation changes', 'possibly due to an external cause', 'profiled state', ""or to the weakening the 'bond' between the objects. In the final"", 'the two objects are separated from one another (therefore', 'attachment inferences no longer hold).', 'At some point']",,
Inference_346,['Caging an animal prevents it from...'],['Caging an animal prevents it from destroying things'],['Frame_Fierce_animal'],
Inference_285,['starting to experience a state'],['starting to experience a state'],['Frame_Change_of_state'],
Inference_349,['Crime is destructive'],['Crime is destructive'],['Frame_Crime'],
Inference_504,['motion towards lower end of verticality...'],['motion towards lower end of verticality scale'],['Frame_Verticality'],
Inference_620,['Changing location'],['Changing location'],['Frame_Touching'],
Inference_343,['Corrupt activities while they may...'],['Corrupt activities while they may not have immediately perceptible effect can yield large scale harmful effects over long period of time'],['Frame_Corruption'],
Inference_537,['being immoral'],['being immoral'],['Frame_Morality'],
Inference_591,['amount of effort it takes to perform...'],['amount of effort it takes to perform action'],['Frame_Purposeful_action'],
Inference_237,['Choosing a particular alternative...'],['Choosing a particular alternative of several available alternatives'],['Frame_Decision_making'],
Inference_105,['Alignment of motion x-schema stages...'],"['mover is at (series of) path locations; 3)  when motion ends', 'mover is at Source location; 2) as motion proceeds', 'Alignment of motion x-schema stages and Source_Path-Goal locations: 1) when motion begins', 'mover is at Goal location.']",,
Inference_324,['An entity located within the proximal...'],['An entity located within the proximal region is proximal to the center (and therefore is likely to be accessible from the center)'],['Frame_Bounded_region'],
Inference_122,"[""A plant's outward appearance of...""]","[""A plant's outward appearance of health is a reflection of its inner state of health.""]",,
Inference_625,['social problems lead to loss of...'],['social problems lead to loss of function'],['Frame_Society'],
Inference_113,['The structure of an organization...'],['The structure of an organization persists even though actual members change over the course of time.'],,
Inference_15,['The health status of the organism...'],['The health status of the organism is affected by various external factors; some have a negative effect and some have a positive effect.'],,
Inference_438,['Appetite for food'],['Appetite for food'],['Frame_Food'],
Inference_178,"['When a vehicle is moving, its contents...']","['and/or freight) are also moving at the same speed and in the same direction.', 'its contents (driver', 'passengers', 'When a vehicle is moving']",,
Inference_296,['acquiring a possession'],['acquiring a possession'],['Frame_Possession_change'],
Inference_483,['Gaining knowledge'],['Gaining knowledge'],['Frame_Knowing'],
Inference_498,['nullSourceInference'],['nullSourceInference'],['Frame_Plants'],
Inference_545,['increases in quantity'],['increases in quantity'],['Frame_Quantity'],
Inference_321,['Being unconscious (asleep)'],['Being unconscious (asleep)'],['Frame_Consciousness'],
Inference_33,['Children are not capable of taking...'],['Children are not capable of taking care of themselves without the help of a childcare provider.'],,
Inference_143,['continuity -- each intermediate...'],['continuity -- each intermediate value is adjacent to a lower value and a higher value'],,
Inference_373,['nullTargetEntailment'],['nullTargetEntailment'],['Frame_Experiencing_a_state'],
Inference_41,['Motion of contents is dependent...'],"['so do contents and if container is stationary so are contents.', 'Motion of contents is dependent on motion of container.  If container moves']",,
Inference_249,"[""an anger experiencer's angry_action...""]","[""an anger experiencer's angry_action can cause harm to other_people""]",['Frame_Anger'],
Inference_370,['co-location of entity_1 and en...'],['co-location of entity_1 and entity_2'],['Frame_Spatial_relation'],
Inference_575,['nullTargetEntailment'],['nullTargetEntailment'],['Frame_Power'],
Inference_49,['If a dangerous entity/situation...'],"['If a dangerous entity/situation is present', 'the endangered_entity may come to harm.']",,
Inference_332,['change in possession'],['change in possession'],['Frame_Possession'],
Inference_696,['Upward motion along or high point...'],['Upward motion along or high point on a vertical scale'],['Frame_Verticality'],
Inference_622,['There is an object to be searched...'],['There is an object to be searched for'],['Frame_Searching'],
Inference_439,['Interest in ideas'],['Interest in ideas'],['Frame_Idea'],
Inference_618,['motion along a path involves incremental...'],['motion along a path involves incremental changes in locations along a path'],['Frame_Source_path_goal'],
Inference_219,['manner of self-propelled movem...'],['manner of self-propelled movement'],['Frame_Self_propelled_motion'],
Inference_701,['Increasing well-being'],['Increasing well-being'],['Frame_Well_being'],
Inference_664,['weight of burden is related to...'],['weight of burden is related to degree of (negative) effect; heavy burdens have more effect than lighter ones'],['Frame_Burden'],
Inference_363,['Having no emotions'],['Having no emotions'],['Frame_Emotional_intensity'],
Inference_241,['An anger experiencer is dangerous...'],['An anger experiencer is dangerous to other_people'],['Frame_Anger'],
Inference_626,['the strength of the fibers'],['the strength of the fibers'],['Frame_Textile'],
Inference_683,['Purposeful thinking'],['Purposeful thinking'],['Frame_Thinking_about'],
Inference_137,['After B does something good for...'],"['and A is in debt with B', 'A has the opportunity to / is expected to repay the debt to B.', 'After B does something good for A']",,['normative-Western society']
Inference_213,['impediments to motion along a ...'],['impediments to motion along a path'],['Frame_Motion_along_a_path'],
Inference_257,['state/attribute value is associated...'],['state/attribute value is associated with entity'],['Frame_Attribute'],
Inference_540,['Being low'],['Being low'],['Frame_Upright_posture'],
Inference_691,['caused change in intensity'],['caused change in intensity'],['Frame_Trust_relationship'],
Inference_350,['barriers on path can prevent motion...'],['barriers on path can prevent motion along that path to goal'],['Frame_Motion_impediments'],
Inference_42,['container boundary (may) prevent...'],['container boundary (may) prevent motion of contents from interior to exterior.  Presence of (open) portal may allow motion across boundary.'],,
Inference_167,['Truster allows Trusted power to...'],['Truster allows Trusted power to potentially harm Truster.'],,
Inference_354,['High-stakes betting'],['High-stakes betting'],['Frame_Gambling'],
Inference_623,['There is knowledge to be sough...'],['There is knowledge to be sought'],['Frame_Knowing'],
Inference_340,['Low point on a vertical scale'],['Low point on a vertical scale'],['Frame_Verticality'],
Inference_8,"['When immoral_citizens cause social_problems,...']","['honest_citizens expect authorities to direct public_officials in the enactment of social_programs to prevent spread_of_problem and result in solving_problem.', 'When immoral_citizens cause social_problems']",,
Inference_488,['Seeing from a vantage point'],['Seeing from a vantage point'],['Frame_Seeing'],
Inference_163,"['At final stage, recipient has object...']","['At final stage', 'recipient has object and transferor does not']",,
Inference_119,['A plant starts off as a seed and...'],['A plant starts off as a seed and grows given the right conditions.'],,
Inference_440,['Healthful food'],['Healthful food'],['Frame_Food'],
Inference_160,['The strength/integrity of the textile...'],['The strength/integrity of the textile as a whole is dependent on the strength/integrity of the individual fibers.'],,
Inference_146,['actor acts with objective of changing...'],['actor acts with objective of changing from initial_state to final_state'],,
Inference_157,"['Sequential ordered location inferences,...']","['then trajector has been at source and been on path.', 'then trajector has been (but is no longer)at source; if trajector is at goal', 'Sequential ordered location inferences', 'e.g. if trajector is on path']",,
Inference_120,"['Color, shape, size, and extent...']","['size', 'Color', ""and extent of spread are indicative of a plant's success in growing and staying alive."", 'shape']",,
Inference_674,['Moving from one bounded region...'],['Moving from one bounded region in space to another.'],['Frame_Motion'],
Inference_250,['The effect of increased fluid_heat_level...'],"['container_internal_pressure', 'The effect of increased fluid_heat_level is increased container_heat', 'and fluid_agitation']",['Frame_Heating_fluid'],
Inference_309,['Understanding'],['Understanding'],['Frame_Communication'],
Inference_416,['passengers have desired goal l...'],['passengers have desired goal location(s)'],['Frame_Vehicular_motion'],
Inference_371,['nullTargetEntailment'],['nullTargetEntailment'],['Frame_Experiencing_a_state'],
Inference_290,['location can be changed by external...'],['location can be changed by external entity applying force'],['Frame_Motion_along_a_path'],
Inference_546,['Building a building.'],['Building a building.'],['Frame_Building'],
Inference_660,['Lower point(s) along a vertical...'],['Lower point(s) along a vertical scale'],['Frame_Verticality'],
Inference_140,['If the amount of the resource available...'],"['and there is a limit as to the total amount of what can be accomplished (unless the resource is replenished)', 'If the amount of the resource available to the user is finite', ""then the amount of the resource determines the amount of 'work' it can be used for""]",,"['boundedness', 'paired scales']"
Inference_549,['Destroying a nation.'],['Destroying a nation.'],['Frame_Nation'],
Inference_155,['Shepherd is responsible for leading...'],"[""making decisions that affects sheep's well-being; sheep do what shepherd wants them to."", 'Shepherd is responsible for leading sheep']",,
Inference_293,['Prevented change of state'],['Prevented change of state'],['Frame_Change_of_state'],
Inference_103,['Removing a motion impediment removes...'],"[""Removing a motion impediment removes the negative effect on mover's motion.""]",,['causal']
Inference_552,['Putting together an object'],['Putting together an object'],['Frame_Complex_physical_object'],
Inference_640,['curing affliction restores person...'],['curing affliction restores person to health'],['Frame_Physical_affliction'],
Inference_72,['The amount of force transferred...'],"[""The amount of force transferred is correlated with 'force-dynamic properties' of the force_originator"", ""e.g. a person's strength and the amount of effort he exerts.""]",,['force-dynamic']
Inference_376,['being outside a bounded region...'],['being outside a bounded region (at exterior)'],['Frame_Being_at_a_location'],
Inference_581,['Purifying'],['Purifying'],['Frame_Purity'],
Inference_198,['Different means of achieving a...'],['Different means of achieving a purpose'],['Frame_Purposeful_action'],
Inference_613,['A relationship encountering difficulties...'],['A relationship encountering difficulties involves participants that are emotionally hurt'],['Frame_Romantic_relationship'],
Inference_471,['An interesting idea'],['An interesting idea'],['Frame_Idea'],
Inference_480,['Searching'],['Searching'],['Frame_Seeing'],
Inference_30,['The transition_state_value is different...'],['The transition_state_value is different than the initial_state_value'],,['ordered change']
Inference_162,"['At initial stage, transferor has...']","['transferor has object and recipient does not.', 'At initial stage']",,
Inference_169,['Truster could transfer valuable...'],"['Truster could transfer valuable stuff to Trusted (access to self', ""access to one's own possessions).""]",,
Inference_204,['acquired ideas'],['acquired ideas'],['Frame_Thinking_about'],
Inference_52,['Discoverer becomes aware of discovered...'],['Discoverer becomes aware of discovered thing.'],,
Inference_28,['The occurrence of the cause precedes...'],['The occurrence of the cause precedes or accompanies the change of state'],,
Inference_659,['An increase in status'],['An increase in status'],['Frame_Status'],
Inference_82,['The governing actions may or may...'],['The governing actions may or may not lead to outcomes that affect the process of change of the jurisdiction according to the objective.'],,
Inference_609,['A relationship encountering difficulties...'],['A relationship encountering difficulties is prevented from proceeding forward as a consequence of encountering relationship difficulties.'],['Frame_Romantic_relationship'],
Inference_36,['Clean things do not have dirt or...'],"['Clean things do not have dirt or other impurities in', 'and/or around them. (i.e. they are not dirty)', 'on']",,
Inference_98,['People are naturally more powerful...'],['People are naturally more powerful than animals and plants and natural objects.'],,
Inference_17,['A boat steered by a captain stays...'],['A boat steered by a captain stays on course and moves forward.'],,
Inference_503,['Failing to lead a nation'],['Failing to lead a nation'],['Frame_State_leadership'],
Inference_510,['effortfulness of motion'],['effortfulness of motion'],['Frame_Self_propelled_motion'],
Inference_247,['An anger experiencer whose anger_level...'],['An anger experiencer whose anger_level is beyond their anger_limit will exhibit angry_action'],['Frame_Anger'],
Inference_218,['Ability to act'],['Ability to act'],['Frame_Action'],
Inference_547,['Creating a nation.'],['Creating a nation.'],['Frame_Nation'],
Inference_472,['Onset of seeing; coming into s...'],['Onset of seeing; coming into sight'],['Frame_Seeing'],
Inference_221,['stage of movement'],['stage of movement'],['Frame_Self_propelled_motion'],
Inference_313,['acquiring ideas'],['acquiring ideas'],['Frame_Communication'],
Inference_539,['Being moral'],['Being moral'],['Frame_Morality'],
Inference_356,['Only one side can win the war'],['Only one side can win the war'],['Frame_War'],
Inference_651,['the degree to which a particular...'],['the degree to which a particular state is relevant to a given state_holder can differ'],['Frame_State'],
Inference_677,['Thinking about a topic'],['Thinking about a topic'],['Frame_Thinking_about'],
Inference_292,['Prevented change of location'],['Prevented change of location'],['Frame_Motion_along_a_path'],
Inference_422,['If shepherd successfully performs...'],"['sheep will flourish', 'If shepherd successfully performs actions']",['Frame_Shepherding'],
Inference_128,['The proximal and distal regions...'],['The proximal and distal regions are defined in terms of relative proximity to the center.  The boundary is the furthest extent of what is considered proximal to the center.'],,
Inference_205,"[""the trajector's location (profiled_region)...""]","[""the trajector's location (profiled_region) is at/in the landmark""]",['Frame_Being_at_a_location'],
Inference_577,['nullTargetEntailment'],['nullTargetEntailment'],['Frame_Power'],
Inference_497,['nullTargetEntailment'],['nullTargetEntailment'],['Frame_Law'],
Inference_259,['change in value of state/attri...'],['change in value of state/attribute'],['Frame_Attribute'],
Inference_574,['nullSourceInference'],['nullSourceInference'],['Frame_Possession'],
Inference_449,['Preparing ideas to be understo...'],['Preparing ideas to be understood'],['Frame_Idea'],
Inference_46,['If the controlling_entity does...'],"['he may not be able to bring about the situation he desires.', 'If the controlling_entity does not have a sufficient degree of control']",,
Inference_700,['Increasing wealth (gain)'],['Increasing wealth (gain)'],['Frame_Wealth'],
Inference_435,['Being healthy'],['Being healthy'],['Frame_Health'],
Inference_507,['decreases in quantity'],['decreases in quantity'],['Frame_Quantity'],
Inference_611,['A relationship encountering difficulties...'],['A relationship encountering difficulties is not necessarily a relationship that is over'],['Frame_Romantic_relationship'],
Inference_629,['the strength/integrity of the social...'],['the strength/integrity of the social group as a whole depends on the strength/integrity of the relations between social members'],['Frame_Social_group'],
Inference_520,['bodily processes'],['bodily processes'],['Frame_Bodily_functioning'],
Inference_29,['The initial_state precedes the...'],['The initial_state precedes the final state.  The transition occurs after the initial_state and before the final state.'],,['x-schema stages']
Inference_655,['future states of nation'],['future states of nation'],['Frame_Nation'],
Inference_229,['presence/absence of conditions...'],['presence/absence of conditions that affect motion'],['Frame_Self_propelled_motion'],
Inference_508,['Sequence of motions towards a destination...'],['Sequence of motions towards a destination in a journey.'],['Frame_Journey'],
Inference_458,['Taking apart complex objects'],['Taking apart complex objects'],['Frame_Object'],
Inference_684,['Objects'],['Objects'],['Frame_Object_manipulation'],
Inference_410,['Children are not capable of taking...'],['Children are not capable of taking care of themselves without the help of a childcare provider.'],['Frame_Child_care'],
Inference_518,['products of the body'],['products of the body'],['Frame_Bodily_functioning'],
Inference_587,['lack of purpose'],['lack of purpose'],['Frame_Purposeful_action'],
Inference_533,['being moral'],['being moral'],['Frame_Morality'],
Inference_388,['lack of restraints makes it easier...'],['lack of restraints makes it easier for mover to move'],['Frame_Motion_impediments'],
Inference_553,['Putting together a nation'],['Putting together a nation'],['Frame_Nation'],
Inference_344,"['as disease spreads throughout body,...']","['person becomes sicker', 'as disease spreads throughout body']",['Frame_Disease'],
Inference_401,['change in government functional....'],['change in government functional. status'],['Frame_Government_institution'],
Inference_649,['societies experience problems ...'],['societies experience problems functioning'],['Frame_Society'],
Inference_679,['Being able to think about different...'],['Being able to think about different things'],['Frame_Thinking_about'],
Inference_227,['external agents that affect mo...'],['external agents that affect motion'],['Frame_Self_propelled_motion'],
Inference_706,['amount of contents'],['amount of contents'],['Frame_Containing'],
Inference_316,['Responsiveness of addressee to...'],['Responsiveness of addressee to shown thing'],['Frame_Cause_to_see'],
Inference_106,['A single mover can only move along...'],"['A single mover can only move along one path at a time.  Therefore', 'motion along a given path means the mover is not following other alternative paths.']",,
Inference_567,['nullTargetEntailment'],['nullTargetEntailment'],['Frame_Positivity_scale'],
Inference_102,['Causing a motion impediment to...'],"[""Causing a motion impediment to be present (indirectly) causes a negative effect on mover's motion.""]",,['causal']
Inference_687,['increase in relationship inten...'],['increase in relationship intensity'],['Frame_Trust_relationship'],
Inference_230,['impediments to action/freedom to...'],['impediments to action/freedom to act'],['Frame_Action'],
Inference_582,['distance moved towards goal'],['distance moved towards goal'],['Frame_Self_propelled_motion_to_a_destination'],
Inference_559,['Effectively-governed country functions...'],['Effectively-governed country functions efficiently'],['Frame_Nation'],
Inference_266,['co-location with low entity'],['co-location with low entity'],['Frame_Being_at_a_Low_Location'],
Inference_646,"['when connections are eliminated,...']","['when connections are eliminated', 'items can move apart from each other']",['Frame_Physical_connection'],
Inference_206,['action is ongoing'],['action is ongoing'],['Frame_Action'],
Inference_124,"['""Possessing"" typically involves...']","['""Possessing"" typically involves the Possessor controlling and/or having access to the Possession. In primary physical experience', 'the possessor holds/grasps the possessed object.']",,
Inference_58,"['When emotion_level reaches an emotion_limit,...']","['When emotion_level reaches an emotion_limit', 'the mind is no longer able to control the emotion resulting in an emotional_action.']",,
Inference_427,['Governed people are not capable...'],['Governed people are not capable of making decisions or protecting themselves'],['Frame_Government'],
Inference_115,"['In order to move independently,...']","['broken or dissolved)', 'In order to move independently', 'the connection between the items must be eliminated (e.g. removed']",,
Inference_99,['Adults are naturally more powerful...'],['Adults are naturally more powerful than children.'],,
Inference_275,['willingness to transfer contro...'],['willingness to transfer control'],['Frame_Control'],
Inference_212,['expecting to perform an action...'],['expecting to perform an action in the future'],['Frame_Action'],
Inference_562,['Future locations of vehicle on...'],['Future locations of vehicle on path'],['Frame_Vehicle'],
Inference_267,['being impoverished'],['being impoverished'],['Frame_Impoverished'],
Inference_509,['A purposeful life.'],['A purposeful life.'],['Frame_Life'],
Inference_209,"[""'closeness' to landmark""]","[""'closeness' to landmark""]",['Frame_Being_at_a_location'],
Inference_417,['populace has desired (future) ...'],['populace has desired (future) states'],['Frame_Governing_action'],
Inference_432,['Being physically not upright or...'],['Being physically not upright or horizontal'],['Frame_Verticality'],
Inference_4,"['If barrier is present, accessor...']","['accessor cannot access the accessed_entity.', 'If barrier is present']",,
Inference_144,['Searching may involve all senses...'],['Searching may involve all senses and involves the intentional desire to come in close enough contact with something in order to be able to perceive (and possibly acquire) it.'],,
Inference_484,['Seeing from a short distance'],['Seeing from a short distance'],['Frame_Seeing'],
Inference_166,['Truster does not protect self against...'],['Truster does not protect self against Trusted.'],,
Inference_138,"['Once A repays B, A and B are e...']","['Once A repays B', 'A and B are even.']",,['normative-Western society']
Inference_83,['The leader and the follower move...'],['The leader and the follower move along the same path.'],,
Inference_369,['nullTargetEntailment'],['nullTargetEntailment'],['Frame_Experiencing_a_state'],
Inference_353,['difficulties can increase time...'],['difficulties can increase time and effort needed to accomplish objectives'],['Frame_Difficulties_in_action'],
Inference_298,['losing a possession'],['losing a possession'],['Frame_Possession_change'],
Inference_279,"['at final stage, experiencer experiences...']","['at final stage', 'experiencer experiences state']",['Frame_Change_of_state'],
Inference_494,['being poised to see'],['being poised to see'],['Frame_Seeing'],
Inference_76,['the force impinges on the entity...'],['the force impinges on the entity that moves'],,
Inference_104,['The presence of an impediment may...'],['The presence of an impediment may prevent mover from reaching goal.'],,
Inference_194,['the ease with which the Knower...'],['the ease with which the Knower can access knowledge affects how easily he can learn something'],['Frame_Knowing'],
Inference_236,['Choosing a particular path of several...'],['Choosing a particular path of several available paths'],['Frame_Source_path_goal'],
Inference_39,['Structural integrity of the complex...'],['Structural integrity of the complex object relies on the integrity of its parts as well as the integrity of the connections between the parts.'],,
Inference_352,['barriers on path can increase time...'],['barriers on path can increase time and effort needed to reach goal'],['Frame_Motion_impediments'],
Inference_47,['The range of situations that a...'],"['The range of situations that a controlling_entity can control', ""and the degree of control that he has over these situations is dependent at least in part on how much 'strength' that person has (especially in relation to the strength of the dependent_entity)""]",,['force-dynamic']
Inference_499,['nullTargetEntailment'],['nullTargetEntailment'],['Frame_Law'],
Inference_403,['nullTargetEntailment'],['nullTargetEntailment'],['Frame_Government_institution'],
Inference_457,['Coming up with complex ideas'],['Coming up with complex ideas'],['Frame_Idea'],
Inference_362,['Experiencing below average body...'],['Experiencing below average body temperature'],['Frame_Temperature'],
Inference_409,"[""Government's responsibility is...""]","['safety and well-being of the citizens', ""Government's responsibility is to ensure the health""]",['Frame_Government'],
Inference_196,['change in ability to know'],['change in ability to know'],['Frame_Knowing'],
Inference_260,['possess does not have possessi...'],['possess does not have possession'],['Frame_Possession'],
Inference_308,['Ability to accept objects'],['Ability to accept objects'],['Frame_Transfer_scenario'],
Inference_690,['caused change in structural_in...'],['caused change in structural_integrity'],['Frame_Building'],
Inference_460,['Structure of an object'],['Structure of an object'],['Frame_Object'],
Inference_226,['impediments to action/freedom to...'],['impediments to action/freedom to act'],['Frame_Action'],
Inference_462,['Taking apart objects'],['Taking apart objects'],['Frame_Object'],
Inference_521,['mental processes'],['mental processes'],['Frame_Cognizing'],
Inference_77,"['At initial stage, recipient does...']","['recipient possesses object', 'e.g. intiates a hold on object. \nAt final stage', 'At initial stage', 'recipient does not possess object. \nDuring ongoing stage', 'recipient acts so as to gain possession']",,
Inference_672,['Attacking foundation of a buil...'],['Attacking foundation of a building'],['Frame_Building'],
Inference_326,['an entity located in the distal_region...'],['an entity located in the distal_region is distal from the center (and therefore not likely to be accessible from the center)'],['Frame_Bounded_region'],
Inference_519,['products of the mind'],['products of the mind'],['Frame_Cognizing'],
Inference_358,['Experiencing intense body heat'],['Experiencing intense body heat'],['Frame_Temperature'],
Inference_404,['the ability of the machine to function...'],"['broken', 'well-oiled', 'the ability of the machine to function depends on the state of its physical structure (physical status)', 'e.g rusty']",['Frame_Machine'],
Inference_526,['state of being dry'],['state of being dry'],['Frame_Liquid'],
Inference_612,['A boat on the rocks contains passengers...'],['A boat on the rocks contains passengers who may be injured as a consequence of the boat colliding with rocks'],['Frame_Boat_on_the_rocks'],
Inference_95,['the experiencer has high positive...'],['the experiencer has high positive regard for the loved thing'],,"['affect', 'positive evaluation']"
Inference_391,['freedom to act and achieve obj...'],['freedom to act and achieve objectives'],['Frame_Freedom_of_action'],
Inference_211,['moving towards a landmark'],['moving towards a landmark'],['Frame_Being_at_a_location'],
Inference_6,"['For static situations, the main...']","[""the main axis of the trajector (which is typically a long thin thing) is perpendicular to the landmark's main axis."", 'For static situations']",,
Inference_197,['Different paths to reaching a ...'],['Different paths to reaching a destination'],['Frame_Motion_to_a_location'],
Inference_516,['a healthy/unhealthy body'],['a healthy/unhealthy body'],['Frame_Bodily_functioning'],
Inference_64,['When A and B enter into a financial...'],"['When A and B enter into a financial transaction', 'B is in debt to / owes A.', 'and B does not pay for the received goods or services']",,
Inference_133,['Actor initiates action in order...'],"['at which point actor terminates action.', 'Actor initiates action in order to bring about desired situation.  Actor continues action until desired situation has been accomplished']",,
Inference_584,['reaching a destination'],['reaching a destination'],['Frame_Self_propelled_motion_to_a_destination'],
Inference_633,['Societal actions can help reduce...'],['Societal actions can help reduce or eliminate social problems'],['Frame_Social_problems'],
Inference_281,"['at initial stage, experiencer experiences...']","['at initial stage', 'experiencer experiences state']",['Frame_Change_of_state'],
Inference_607,['Romantic relationship encountering...'],['Romantic relationship encountering difficulties'],['Frame_Romantic_relationship'],
Inference_397,"['""non-functional"" end of functi...']","['""non-functional"" end of functionality_scale']",['Frame_Functionality'],
Inference_627,['the strength of social relatio...'],['the strength of social relations'],['Frame_Social_group'],
Inference_573,['nullTargetEntailment'],['nullTargetEntailment'],['Frame_Power'],
Inference_200,['Lack of purpose'],['Lack of purpose'],['Frame_Purposeful_action'],
Inference_501,['nullTargetEntailment'],['nullTargetEntailment'],['Frame_Law'],
Inference_563,['Future states of the nation'],['Future states of the nation'],['Frame_Nation'],
Inference_465,['Being important or significant'],['Being important or significant'],['Frame_Importance'],
Inference_543,['increases in quantity'],['increases in quantity'],['Frame_Quantity'],
Inference_322,['nullSourceInference'],['nullSourceInference'],['Frame_Eating'],
Inference_423,['If government sucessfully performs...'],"['people will flourish', 'If government sucessfully performs action']",['Frame_Government'],
Inference_481,['Attempting to gain knowledge'],['Attempting to gain knowledge'],['Frame_Knowing'],
Inference_79,['The size of the gap is related...'],"['The size of the gap is related to how difficult it is to cross it (e.g. the wider and/or deeper the gap', 'the more difficult it is to cross it).']",,
Inference_175,['A vehicle is solid and can last...'],['A vehicle is solid and can last a long time.'],,
Inference_38,['All other competitors who are not...'],['All other competitors who are not the winner are the losers.'],,
Inference_390,['lack of barriers on path makes...'],['lack of barriers on path makes it possible for mover to move along path to goal'],['Frame_Motion_impediments'],
Inference_536,['being crooked'],['being crooked'],['Frame_Straightness'],
Inference_100,['Men are naturally more powerful...'],['Men are naturally more powerful than women.'],,
Inference_389,['freedom to act'],['freedom to act'],['Frame_Freedom_of_action'],
Inference_443,['Helpful ideas'],['Helpful ideas'],['Frame_Idea'],
Inference_654,['future locations along a path'],['future locations along a path'],['Frame_Bounded_region'],
Inference_347,['Controlling crime'],['Controlling crime'],['Frame_Crime'],
Inference_337,"[""end of controller's control""]","[""end of controller's control""]",['Frame_Control'],
Inference_463,['Analyzing ideas'],['Analyzing ideas'],['Frame_Idea'],
Inference_48,"[""Creator's objective is to bring...""]","[""Creator's objective is to bring the created_object into existence.  When action starts"", 'object exists.', 'when action is successfully completed', 'object does not exist']",,
Inference_429,['nullTargetEntailment'],['nullTargetEntailment'],['Frame_Greed'],
Inference_445,['Disturbing ideas'],['Disturbing ideas'],['Frame_Idea'],
Inference_588,['forward motion toward goal'],['forward motion toward goal'],['Frame_Self_propelled_motion_to_a_destination'],
Inference_7,['A society consists of immoral_citizens...'],['A society consists of immoral_citizens as well as honest_citizens.'],,
Inference_351,['difficulties can prevent completion...'],['difficulties can prevent completion of purposeful action'],['Frame_Difficulties_in_action'],
Inference_320,['Being physically not upright or...'],['Being physically not upright or horizontal'],['Frame_Verticality'],
Inference_600,['Higher point(s) along a vertical...'],['Higher point(s) along a vertical scale'],['Frame_Verticality'],
Inference_234,['attempts to address social problems...'],"['or get worse.', 'attempts to address social problems can have different outcomes: the problem may be eliminated', 'stay the same']",['Frame_Addressing_social_problems'],
Inference_418,['parents have some degree of control...'],"[""parents have some degree of control over children's actions""]",['Frame_Nuclear_family'],
Inference_689,['decrease in relationship inten...'],['decrease in relationship intensity'],['Frame_Trust_relationship'],
Inference_310,"['Initially, transfer_recipient does...']","['transfer_recipient does not possess transferred_object', 'Initially']",['Frame_Transfer_scenario'],
Inference_287,['no longer experiencing a state'],['no longer experiencing a state'],['Frame_Change_of_state'],
Inference_530,['allowing liquid to drain or le...'],['allowing liquid to drain or leak'],['Frame_Liquid'],
Inference_131,['The further an object gets from...'],"['The further an object gets from another object', 'the greater the distance between them becomes.']",,
Inference_327,['The actions of an entity that is...'],"[""The actions of an entity that is not within a controlling_entity's scope_of_control are not controlled by that controlling_entity""]",['Frame_Control'],
Inference_25,"[""Presence of 'burden relation' has...""]","[""Presence of 'burden relation' has a negative effect on the burdened entity's well-being and/or ability to move.""]",,
Inference_297,['change into state'],['change into state'],['Frame_Change_of_state'],
Inference_594,['another person can lead mover along...'],['another person can lead mover along path'],['Frame_Self_propelled_motion_to_a_destination'],
Inference_602,['Lower point(s) along a vertical...'],['Lower point(s) along a vertical scale'],['Frame_Verticality'],
Inference_18,['A boat without a captain to steer...'],['A boat without a captain to steer it strays off course and moves aimlessly.'],,
Inference_270,['motion would not have occurred...'],['motion would not have occurred without the application of a force'],['Frame_Forced_motion'],
Inference_85,['The follower chooses to follow...'],"[""The follower chooses to follow the leader (i.e. the follower's motion is self-controlled"", ""not controlled by the leader). This choice is often based on the follower's assumption that the leader and the follower both are trying to reach the same goal location.""]",,
Inference_693,['Inability to understand'],['Inability to understand'],['Frame_Understanding'],
Inference_454,['Creating an object'],['Creating an object'],['Frame_Object'],
Inference_21,"['To be functional, a building needs...']","[""a building needs to be 'upright'"", 'To be functional']",,
Inference_686,['increase in structural_integri...'],['increase in structural_integrity'],['Frame_Building'],
Inference_685,['Ideas'],['Ideas'],['Frame_Thinking_about'],
Inference_223,['speed of motion'],['speed of motion'],['Frame_Self_propelled_motion'],
Inference_647,"['without social relations, group...']","['without social relations', ""group will not 'stick together'""]",['Frame_Social_group'],
Inference_364,"[""agent's objective is for mover...""]","[""agent's objective is for mover to reach goal""]",['Frame_Forced_motion'],
Inference_173,['Truster has a way to find out how...'],['Truster has a way to find out how Trusted has used power; Trusted has a way to find out whether Truster continues to be worthy of the benefit given to Truster.'],,
Inference_426,['Sheep are not capable of flourishing...'],['Sheep are not capable of flourishing on their own (without shepherd).'],['Frame_Shepherding'],
Inference_402,['nullSourceInference'],['nullSourceInference'],['Frame_Body'],
Inference_67,"['If fire_intensity is high, it will...']","['it will take less fire_duration for the burning_object to be consumed (burning_object_condition).', 'If fire_intensity is high']",,
Inference_319,['Being conscious (awake)'],['Being conscious (awake)'],['Frame_Consciousness'],
Inference_201,['Aids to reaching a destination'],['Aids to reaching a destination'],['Frame_Motion_to_a_location'],
Inference_400,['change in verticality'],['change in verticality'],['Frame_Verticality'],
Inference_127,"['at x-schema.initial, possessor...']","['possessor acquires object. At x-schema.ongoing', 'possessor possesses object.\nAt x-schema.finish_transtion', 'at x-schema.initial', 'possessor does not possess object.', 'possessor loses possession of object. \nAt x-schema.final', 'possessor does not possess object.  At x-schema.start_transtion']",,
Inference_342,['The process of erosion while imperceptible...'],['The process of erosion while imperceptible on a small time scale can cause large scale destructive effects on an entity over a long period of time.'],['Frame_Erosion'],
Inference_86,['Outcome of harmful process is negative...'],['Outcome of harmful process is negative for the harmed_entity.'],,
Inference_187,['not being able to see somethin...'],['not being able to see something'],['Frame_Seeing'],
Inference_11,['There is an anger_limit beyond...'],"['There is an anger_limit beyond which control of the anger is lost', 'and anger_level becomes apparent through an angry_action which may be directed at other_people.']",,
Inference_31,['Childcare provider has control...'],['Childcare provider has control over what the children can or cannot do.'],,
Inference_164,['normative actions cause an increase...'],['normative actions cause an increase in relationship intensity'],,['causal']
Inference_694,['not being able to speak'],['not being able to speak'],['Frame_Speaking'],
Inference_502,['Failing to steer a boat'],['Failing to steer a boat'],['Frame_Steering_a_boat'],
Inference_406,['Childcare provider has control...'],['Childcare provider has control over what the children can or cannot do'],['Frame_Child_care'],
Inference_464,['Having a large size'],['Having a large size'],['Frame_Size'],
Inference_59,"[""Employer has control over employee's...""]","[""Employer has control over employee's actions.""]",,
Inference_448,['Food preparation'],['Food preparation'],['Frame_Food'],
Inference_572,['nullSourceInference'],['nullSourceInference'],['Frame_Possession'],
Inference_532,['walking along a straight path'],['walking along a straight path'],['Frame_Straightness'],
Inference_272,['the application of force precedes...'],['the application of force precedes or accompanies the movement'],['Frame_Forced_motion'],
Inference_97,['God is naturally more powerful...'],['God is naturally more powerful than people.'],,
Inference_668,"['initially, possessor possesses...']","['possessor possesses object', 'initially']",['Frame_Lose_possession'],
Inference_141,['When restraining entity is attached...'],"['When restraining entity is attached to mover', ""mover's ability to move is negatively affected.""]",,
Inference_69,"['If not contained/confined, fluids...']","['If not contained/confined', 'fluids tend to move.']",,
Inference_491,['Giving knowledge (communicatin...'],['Giving knowledge (communicating)'],['Frame_Knowing'],
Inference_550,['Fixing the structural problems...'],['Fixing the structural problems of a building.'],['Frame_Building'],
Inference_699,['Ill-being (feeling bad physically...'],['Ill-being (feeling bad physically and/or psychologically)'],['Frame_Well_being'],
Inference_374,['being in a bounded region (at ...'],['being in a bounded region (at interior)'],['Frame_Being_at_a_location'],
Inference_495,['being poised to know'],['being poised to know'],['Frame_Knowing'],
Inference_150,"['To reach goal, the actor needs...']","['the actor needs to move towards it', '(generally) in a forward direction', 'To reach goal']",,
Inference_695,['not being able to vote'],['not being able to vote'],['Frame_Voting'],
Inference_312,['gaining possession of objects'],['gaining possession of objects'],['Frame_Transfer_scenario'],
Inference_286,['moving out of a bounded region...'],['moving out of a bounded region (source)'],['Frame_Motion_along_a_path'],
Inference_183,['The fighting occurs in response...'],['The fighting occurs in response to an enemy_attack on a battlefield in which usually some amount of enemy_conquest has occurred.'],,
Inference_675,['Changing topics of conversatio...'],['Changing topics of conversation'],['Frame_Thinking_about'],
Inference_394,"['""up"" end of vertical scale']","['""up"" end of vertical scale']",['Frame_Verticality'],
Inference_357,['Only one candidate can win the...'],['Only one candidate can win the office'],['Frame_Election'],
Inference_634,['inability to treat disease results...'],['inability to treat disease results in continued poor health'],['Frame_Disease'],
Inference_62,['Other members of the category are...'],['Other members of the category are commonly compared to the exemplar instance'],,
Inference_40,['entity1 and entity2 are located...'],['entity1 and entity2 are located such that they touch each other.'],,
Inference_428,['nullSourceInference'],['nullSourceInference'],['Frame_Hunger'],
Inference_55,['In response to an outbreak of a...'],"['In response to an outbreak of a disease', 'doctors determine a treatment_strategy which is applied to patients by medical_professionals using medical_tools_and_medicines.']",,
Inference_16,['Health status is often linked to...'],['Health status is often linked to longevity.  Negative effects to health may shorten life span.'],,
Inference_635,['inability to address social problems...'],['inability to address social problems results in continued poor function'],['Frame_Social_problems'],
Inference_682,['Goal-directed motion'],['Goal-directed motion'],['Frame_Motion'],
Inference_13,"[""If the barrier is on the mover's...""]","[""If the barrier is on the mover's intendend path"", 'it will prevent further motion along that path. This may result in mover ceasing to move', 'or in mover choosing an alternative path.']",,['causal']
Inference_601,['greater quantities'],['greater quantities'],['Frame_Quantity'],
Inference_288,['moving across the boundary of a...'],['moving across the boundary of a bounded region'],['Frame_Motion_along_a_path'],
Inference_485,['Knowing in detail'],['Knowing in detail'],['Frame_Knowing'],
Inference_116,['Destructive actions and/or processes...'],['Destructive actions and/or processes cause a decrease in structural_integrity'],,['cause scalar change']
Inference_554,['Taking apart an object'],['Taking apart an object'],['Frame_Complex_physical_object'],
Inference_50,['Governed trusts Government => Government...'],['Governed trusts Government => Government trusts officials.'],,['Transitive']
Inference_541,['Being immoral'],['Being immoral'],['Frame_Morality'],
Inference_378,['distance to boundary (from ext...'],['distance to boundary (from exterior)'],['Frame_Being_at_a_location'],
Inference_558,['Well-maintained machine works ...'],['Well-maintained machine works efficiently'],['Frame_Machine'],
Inference_81,['The governor carries out governing...'],['The governor carries out governing actions intended to affect the process of change of the affected jurisdiction according to its objectives.'],,
Inference_165,['non-normative actions cause a decrease...'],['non-normative actions cause a decrease in relationship intensity'],,['causal']
Inference_44,"['To move from exterior to interior,...']","['To move from exterior to interior', ""a mover must cross the boundary.  Boundary's physical properties may impede or prevent such motion.  The presence of an (open) portal may facilitate boundary crossing."", 'or interior to exterior']",,
Inference_375,['currently experiencing a state...'],['currently experiencing a state value'],['Frame_Experiencing_a_state'],
Inference_118,['The integrity of the physical structure...'],"['The integrity of the physical structure as a whole is dependent on the stability of the physical relations between the structural parts (e.g.attachement', 'support relations).']",,
Inference_302,['a healthy/unhealthy body'],['a healthy/unhealthy body'],['Frame_Cognizing'],
Inference_477,['Impediments to knowing'],['Impediments to knowing'],['Frame_Knowing'],
Inference_246,"[""A insane_person who's agitation_level...""]","[""A insane_person who's agitation_level is beyond their agitation_limit will exhibit insane_behavior""]",['Frame_Insanity'],
Inference_705,['ability to understand word mea...'],['ability to understand word meaning'],['Frame_Word'],
Inference_593,['actor stops acting when objective...'],['actor stops acting when objective is accomplished'],['Frame_Purposeful_action'],
Inference_32,"[""Childcare provider's duties are...""]","['safety', ""Childcare provider's duties are to ensure the health"", 'and well-being of the children.']",,
Inference_255,"['at end, controlling_entity is in...']","['controlling_entity is in control', 'at end']",['Frame_Control'],
Inference_576,['nullSourceInference'],['nullSourceInference'],['Frame_Possession'],
Inference_407,['Government has control over what...'],['Government has control over what the citizens can or cannot do'],['Frame_Government'],
Inference_147,['The motion and action x-schemas...'],"['The motion and action x-schemas are (generally) aligned.  e.g. motion starts when action starts', 'is ongoing while action is ongoing', 'and stops when action stops.']",,['x-schema stage']
Inference_203,['ingested food'],['ingested food'],['Frame_Eating'],
Inference_248,"[""an insane_person's insane_behavior...""]","[""an insane_person's insane_behavior can cause harm to other_people""]",['Frame_Insanity'],
Inference_233,['nullSourceInference'],['nullSourceInference'],['Frame_War'],
Inference_529,['transferring money'],['transferring money'],['Frame_Money'],
Inference_631,['processes that affect the strength...'],['processes that affect the strength of the social group'],['Frame_Social_group'],
Inference_339,['Having control over someone'],['Having control over someone'],['Frame_Control'],
Inference_542,['increase in size'],['increase in size'],['Frame_Size'],
Inference_92,['Ingestion_process:  At initial...'],"[""ingestibles move into ingestor's body (with motion often"", 'Ingestion_process:  At initial stage', ""the ingestible is within some part of the ingestor's digestive system (e.g. its mouth)"", 'but not always caused by the ingestor). At final stage', ""the ingestibles are outside of the ingestor's body. During ongoing stage""]",,['x-schema']
Inference_107,"[""The direction of the mover's motion...""]","[""The direction of the mover's motion determines which locations the mover will move to (including the Goal location).""]",,
Inference_35,['cleaning action involves removal...'],['cleaning action involves removal of dirt or other impurities'],,
Inference_186,"[""being able to evaluate an evaluee's...""]","[""being able to evaluate an evaluee's action""]",['Frame_Evaluation'],
Inference_383,['experiencer is not experiencing...'],['experiencer is not experiencing a particualr state'],['Frame_Experiencing_a_state'],
Inference_424,['shepherd makes decsions; sheep...'],['shepherd makes decsions; sheep do what shepherd wants them to'],['Frame_Shepherding'],
Inference_300,['a body'],['a body'],['Frame_Cognizing'],
Inference_60,['Employer has responsibility to...'],['Employer has responsibility to compensate employee for performing duties.'],,
Inference_624,['poor physical health leads to loss...'],['poor physical health leads to loss of function'],['Frame_Person'],
Inference_680,['being unable to move from one place...'],['being unable to move from one place to another'],['Frame_Motion'],
Inference_566,['nullSourceInference'],['nullSourceInference'],['Frame_Verticality'],
Inference_301,['the mind'],['the mind'],['Frame_Bodily_functioning'],
Inference_304,['Success of transfer'],['Success of transfer'],['Frame_Transfer_scenario'],
Inference_628,['The strength/integrity of the textile...'],['The strength/integrity of the textile as a whole is dependent on the strength/integrity of the individual fibers.'],['Frame_Textile'],
Inference_114,"['When items are connected, they...']","['they move to the same place.', 'then the attached item will not move.  If both items are moveable objects', 'they share a ""common fate"" with respect to location.  If one item is a fixed object', 'When items are connected', 'and if they move', 'either both move or both are stationary']",,
Inference_393,['change in functionality'],['change in functionality'],['Frame_Functionality'],
Inference_273,['The occurrence of the cause precedes...'],['The occurrence of the cause precedes or accompanies the change of state'],['Frame_Caused_change_of_state'],
Inference_217,['ability to move along a path'],['ability to move along a path'],['Frame_Motion_along_a_path'],
Inference_161,['The parts of the day are temporally...'],"['this frame supports order-based inferences', 'e.g. if it is noon', 'The parts of the day are temporally ordered. Thus', 'then morning has already occurred.']",,
Inference_571,['nullTargetEntailment'],['nullTargetEntailment'],['Frame_Power'],
Inference_94,"['At initial stage, donor possesses...']","['donor possesses object.\nAt start transition', 'At initial stage', 'donor loses possession', 'e.g. releases hold on object.\nAt final stage', 'donor does not possess object']",,
Inference_121,['When conditions are poor and light...'],"['When conditions are poor and light and nutrient supplies are cut', 'a plant will wither and die.']",,
Inference_379,['imminence of experience of a particular...'],['imminence of experience of a particular state value'],['Frame_Experiencing_a_state'],
Inference_632,"[""people's actions can alleviate...""]","[""people's actions can alleviate symptoms and cure disease""]",['Frame_Disease'],
Inference_3,['the absorbing entity does not have...'],['the absorbing entity does not have to exert effort in order for the fluid to move into it'],,
Inference_506,['decreases in size'],['decreases in size'],['Frame_Size'],
Inference_678,['being able to move to different...'],['being able to move to different locations'],['Frame_Motion'],
Inference_84,"[""The leader's motion precedes that...""]","[""The leader's motion precedes that of the follower.""]",,
Inference_244,['Increase in heat over time'],['Increase in heat over time'],['Frame_Heat'],
Inference_570,['nullSourceInference'],['nullSourceInference'],['Frame_Possession'],
Inference_365,"[""legislator's objective is for bill...""]","[""legislator's objective is for bill to be enacted""]",['Frame_Legislation_enactment'],
Inference_455,['Coming up with an idea'],['Coming up with an idea'],['Frame_Idea'],
Inference_560,['Driving a vehicle'],['Driving a vehicle'],['Frame_Vehicle'],
Inference_142,['ordering of values -- if B is greater...'],"['then C is greater than A.', 'and C is greater than B', 'ordering of values -- if B is greater than A']",,
Inference_171,"[""ABUSE is the Trusted's use of power...""]","[""ABUSE is the Trusted's use of power to harm the Truster of gain benefits for the Trusted.""]",,
Inference_605,['nullTargetEntailment'],['nullTargetEntailment'],['Frame_Abstract_relatedness'],
Inference_37,['The competitor who performs best...'],"['The competitor who performs best on some scale (distance', 'intensity', 'amount', 'quantity acquires or produced', 'duration) is the winner.']",,['cultural']
Inference_283,"['at final stage, experiencer no...']","['experiencer no longer experiences state', 'at final stage']",['Frame_Change_of_state'],
Inference_78,['One precondition is that the object...'],"['One precondition is that the object must be accessible to the recipient', 'e.g. within reach', 'and without intervening barrier.']",,
Inference_225,['presence/absence of conditions...'],['presence/absence of conditions that affect motion'],['Frame_Self_propelled_motion'],
Inference_109,"['At beginning of motion, mover is...']","['mover is not within bounded region; at end of motion mover is within bounded region', 'At beginning of motion']",,['aspectual']
Inference_386,['lack of containment enables mover...'],['lack of containment enables mover to move in many directions'],['Frame_Motion_impediments'],
Inference_191,['lighting conditions affect how...'],['lighting conditions affect how well the See-er can see an ob'],['Frame_Seeing'],
Inference_299,['change out of state'],['change out of state'],['Frame_Change_of_state'],
Inference_446,['Appetizing foods'],['Appetizing foods'],['Frame_Food'],
Inference_303,['a well-functioning/non-functioning...'],['a well-functioning/non-functioning mind'],['Frame_Bodily_functioning'],
