Article,,Article_col,Sentence,Tokens,Borderline_metaphor,Real_metaphors,Frame_label,Token_lemma,is_target,distance_from_target
0,0,0,0,.,0,0,_,.,False,-15
0,1,0,1,Illusions,1,1,Medical_conditions,illusion,False,-14
0,2,0,1,fed,1,1,Supply,feed,False,-13
0,3,0,1,",",0,0,_,",",False,-12
0,4,0,1,lo,0,0,_,lo,False,-11
0,5,0,1,and,0,0,_,and,False,-10
0,6,0,1,behold,0,0,_,behold,False,-9
0,7,0,1,.,0,0,_,.,False,-8
0,8,0,2,My,0,0,_,my,False,-7
0,9,0,2,mind,0,0,_,mind,False,-6
0,10,0,2,is,0,0,_,be,False,-5
0,11,0,2,free,1,0,Expensiveness,free,False,-4
0,12,0,2,forever,0,0,_,forever,False,-3
0,13,0,2,.,0,0,_,.,False,-2
0,14,0,3,I,0,0,_,I,False,-1
0,15,0,3,burn,0,0,Fire_burning,burn,True,0
0,16,0,3,with,0,0,_,with,False,1
0,17,0,3,fire,0,0,Fire_burning,fire,False,2
0,18,0,3,and,0,0,_,and,False,3
0,19,0,3,ice,0,0,Substance,ice,False,4
0,20,0,3,and,0,0,_,and,False,5
0,21,0,3,then,0,0,_,then,False,6
0,22,0,3,I,0,0,_,I,False,7
0,23,0,3,melt,0,0,_,melt,False,8
0,24,0,3,.,0,0,_,.,False,9
0,25,0,4,My,0,0,_,my,False,10
0,26,0,4,thoughts,0,0,Cogitation,thought,False,11
0,27,0,4,in,1,0,_,in,False,12
0,28,0,4,dire,1,1,_,dire,False,13
0,29,0,4,reflection,0,0,Cogitation,reflection,False,14
0,30,0,4,.,0,0,_,.,False,15
1,31,1,0,village,0,0,Political_locales,village,False,-14
1,32,1,0,was,0,0,_,be,False,-13
1,33,1,0,destroyed,0,0,Destroying,destroy,False,-12
1,34,1,0,by,0,0,_,by,False,-11
1,35,1,0,the,0,0,_,the,False,-10
1,36,1,0,Janjaweed,0,0,_,Janjaweed,False,-9
1,37,1,0,",",0,0,_,",",False,-8
1,38,1,0,an,0,0,_,an,False,-7
1,39,1,0,Arab-supremacist,0,0,_,arab,False,-6
1,40,1,0,militia.,0,0,_,militia,False,-5
1,41,1,0,``,0,0,_,`,False,-4
1,42,1,1,They,0,0,_,they,False,-3
1,43,1,1,were,0,0,_,be,False,-2
1,44,1,1,all,0,0,Quantified_mass,all,False,-1
1,45,1,1,burned,0,0,Cause_harm,burn,True,0
1,46,1,1,with,0,0,_,with,False,1
1,47,1,1,fire,0,0,Fire_burning,fire,False,2
1,48,1,1,",",0,0,_,",",False,3
1,49,1,1,``,0,0,_,`,False,4
1,50,1,1,he,0,0,_,he,False,5
1,51,1,1,says,0,0,Statement,say,False,6
1,52,1,1,of,0,0,_,of,False,7
1,53,1,1,his,0,0,_,his,False,8
1,54,1,1,fellow,0,0,_,fellow,False,9
1,55,1,1,villagers,0,0,People,villager,False,10
1,56,1,1,",",0,0,_,",",False,11
1,57,1,1,without,1,0,_,without,False,12
1,58,1,1,flinching,0,0,Body_movement,flinch,False,13
1,59,1,1,.,0,0,_,.,False,14
1,60,1,2,His,0,0,_,his,False,15
2,61,2,0,She,0,0,_,she,False,-15
2,62,2,0,never,0,0,Frequency,never,False,-14
2,63,2,0,sleeps,0,0,Sleep,sleep,False,-13
2,64,2,0,Only,0,0,_,only,False,-12
2,65,2,0,roams,0,0,Self_motion,roam,False,-11
2,66,2,0,in,1,0,_,in,False,-10
2,67,2,0,darkness,0,0,_,darkness,False,-9
2,68,2,0,?,0,0,_,?,False,-8
2,69,2,1,One,0,0,Cardinal_numbers,one,False,-7
2,70,2,1,look,0,0,Perception_active,look,False,-6
2,71,2,1,from,0,0,_,from,False,-5
2,72,2,1,her,0,0,_,she,False,-4
2,73,2,1,And,0,0,_,and,False,-3
2,74,2,1,you,0,0,_,you,False,-2
2,75,2,1,'ll,0,0,_,will,False,-1
2,76,2,1,burn,1,1,Fire_burning,burn,True,0
2,77,2,1,with,1,0,_,with,False,1
2,78,2,1,fire,1,0,Fire_burning,fire,False,2
2,79,2,1,?,0,0,_,?,False,3
2,80,2,2,Bring,0,0,Bringing,bring,False,4
2,81,2,2,me,0,0,_,I,False,5
2,82,2,2,proof,0,0,Evidence,proof,False,6
2,83,2,2,of,0,0,_,of,False,7
2,84,2,2,your,0,0,_,your,False,8
2,85,2,2,success,0,0,Success_or_failure,success,False,9
2,86,2,2,",",0,0,_,",",False,10
2,87,2,2,and,0,0,_,and,False,11
2,88,2,2,all,0,0,_,all,False,12
2,89,2,2,that,1,0,_,that,False,13
2,90,2,2,the,0,0,_,the,False,14
2,91,2,2,Swan,0,0,_,Swan,False,15
3,92,3,0,She,0,0,_,she,False,-15
3,93,3,0,never,0,0,Frequency,never,False,-14
3,94,3,0,sleeps,0,0,Sleep,sleep,False,-13
3,95,3,0,Only,0,0,_,only,False,-12
3,96,3,0,roams,0,0,Self_motion,roam,False,-11
3,97,3,0,in,1,0,_,in,False,-10
3,98,3,0,darkness,0,0,_,darkness,False,-9
3,99,3,0,?,0,0,_,?,False,-8
3,100,3,1,One,0,0,Cardinal_numbers,one,False,-7
3,101,3,1,look,0,0,Perception_active,look,False,-6
3,102,3,1,from,0,0,_,from,False,-5
3,103,3,1,her,0,0,_,she,False,-4
3,104,3,1,And,0,0,_,and,False,-3
3,105,3,1,you,0,0,_,you,False,-2
3,106,3,1,'ll,0,0,_,will,False,-1
3,107,3,1,burn,1,1,Fire_burning,burn,True,0
3,108,3,1,with,1,0,_,with,False,1
3,109,3,1,fire,1,0,Fire_burning,fire,False,2
3,110,3,1,?,0,0,_,?,False,3
3,111,3,2,She,0,0,_,she,False,4
3,112,3,2,'ll,0,0,_,will,False,5
3,113,3,2,choke,0,0,Cause_harm,choke,False,6
3,114,3,2,will,0,0,_,will,False,7
3,115,3,2,her,0,0,_,she,False,8
3,116,3,2,tails,0,0,Body_parts,tail,False,9
3,117,3,2,and,0,0,_,and,False,10
3,118,3,2,head,0,0,Body_parts,head,False,11
3,119,3,2,for,0,0,_,for,False,12
3,120,3,2,the,0,0,_,the,False,13
3,121,3,2,cakes,0,0,_,cake,False,14
3,122,3,2,?,0,0,_,?,False,15
4,123,4,0,all,0,0,_,all,False,-15
4,124,4,0,her,0,0,_,she,False,-14
4,125,4,0,boasted,1,1,Statement,boast,False,-13
4,126,4,0,knowledge,0,0,Awareness,knowledge,False,-12
4,127,4,0,and,0,0,_,and,False,-11
4,128,4,0,wisdom,0,0,Expertise,wisdom,False,-10
4,129,4,0,.,0,0,_,.,False,-9
4,130,4,1,And,0,0,_,and,False,-8
4,131,4,1,into,1,0,Goal,into,False,-7
4,132,4,1,perdition,0,0,_,perdition,False,-6
4,133,4,1,",",0,0,_,",",False,-5
4,134,4,1,or,0,0,_,or,False,-4
4,135,4,1,the,0,0,_,the,False,-3
4,136,4,1,lake,0,0,Natural_features,lake,False,-2
4,137,4,1,which,0,0,_,which,False,-1
4,138,4,1,burns,1,1,Fire_burning,burn,True,0
4,139,4,1,with,1,0,_,with,False,1
4,140,4,1,fire,0,0,_,fire,False,2
4,141,4,1,and,0,0,_,and,False,3
4,142,4,1,brimstone,0,0,_,brimstone,False,4
4,143,4,1,",",0,0,_,",",False,5
4,144,4,1,which,0,0,_,which,False,6
4,145,4,1,is,0,0,_,be,False,7
4,146,4,1,the,0,0,_,the,False,8
4,147,4,1,second,0,0,Ordinal_numbers,second,False,9
4,148,4,1,death,0,0,Death,death,False,10
4,149,4,1,",",0,0,_,",",False,11
4,150,4,1,she,0,0,_,she,False,12
4,151,4,1,goes,0,0,Motion,go,False,13
4,152,4,1,herself,0,0,_,herself,False,14
4,153,4,1,",",0,0,_,",",False,15
5,154,5,0,a,0,0,_,a,False,-15
5,155,5,0,Buddha,0,0,_,buddha,False,-14
5,156,5,0,",",0,0,_,",",False,-13
5,157,5,0,to,0,0,_,to,False,-12
5,158,5,0,determine,0,0,Contingency,determine,False,-11
5,159,5,0,exactly,0,0,_,exactly,False,-10
5,160,5,0,the,0,0,_,the,False,-9
5,161,5,0,number,0,0,Cardinal_numbers,number,False,-8
5,162,5,0,of,0,0,_,of,False,-7
5,163,5,0,times,0,0,Event_instance,time,False,-6
5,164,5,0,our,0,0,_,our,False,-5
5,165,5,0,bodies,0,0,Body_parts,body,False,-4
5,166,5,0,have,0,0,_,have,False,-3
5,167,5,0,thus,0,0,_,thus,False,-2
5,168,5,0,been,0,0,_,be,False,-1
5,169,5,0,burned,0,0,Fire_burning,burn,True,0
5,170,5,0,with,1,0,_,with,False,1
5,171,5,0,fire,0,0,_,fire,False,2
5,172,5,0,as,0,0,_,as,False,3
5,173,5,0,we,0,0,_,we,False,4
5,174,5,0,have,0,0,_,have,False,5
5,175,5,0,passed,1,1,Traversing,pass,False,6
5,176,5,0,from,1,0,_,from,False,7
5,177,5,0,birth,0,0,_,birth,False,8
5,178,5,0,to,1,0,_,to,False,9
5,179,5,0,birth,0,0,_,birth,False,10
5,180,5,0,in,1,0,_,in,False,11
5,181,5,0,the,0,0,_,the,False,12
5,182,5,0,round,1,1,_,round,False,13
5,183,5,0,of,0,0,_,of,False,14
5,184,5,0,existences,0,0,Existence,existence,False,15
6,185,6,0,into,1,0,_,into,False,-15
6,186,6,0,blood,0,0,_,blood,False,-14
6,187,6,0,#,0,0,_,#,False,-13
6,188,6,0,8Then,0,0,_,8then,False,-12
6,189,6,0,the,0,0,_,the,False,-11
6,190,6,0,second,0,0,Ordinal_numbers,second,False,-10
6,191,6,0,angel,0,0,_,angel,False,-9
6,192,6,0,sounded,0,0,Make_noise,sound,False,-8
6,193,6,0,:,0,0,_,:,False,-7
6,194,6,0,And,0,0,_,and,False,-6
6,195,6,0,something,0,0,_,something,False,-5
6,196,6,0,like,0,0,Similarity,like,False,-4
6,197,6,0,a,0,0,_,a,False,-3
6,198,6,0,great,0,0,Size,great,False,-2
6,199,6,0,mountain,0,0,Natural_features,mountain,False,-1
6,200,6,0,burning,0,0,Fire_burning,burn,True,0
6,201,6,0,with,1,0,_,with,False,1
6,202,6,0,fire,0,0,Fire_burning,fire,False,2
6,203,6,0,was,0,0,_,be,False,3
6,204,6,0,thrown,0,0,Cause_motion,throw,False,4
6,205,6,0,into,0,0,Goal,into,False,5
6,206,6,0,the,0,0,_,the,False,6
6,207,6,0,sea,0,0,Natural_features,sea,False,7
6,208,6,0,",",0,0,_,",",False,8
6,209,6,0,and,0,0,_,and,False,9
6,210,6,0,a,0,0,_,a,False,10
6,211,6,0,third,0,0,Part_whole,third,False,11
6,212,6,0,of,0,0,Partitive,of,False,12
6,213,6,0,the,0,0,_,the,False,13
6,214,6,0,sea,0,0,Natural_features,sea,False,14
6,215,6,0,became,0,0,Becoming,become,False,15
7,216,7,0,8:8,0,0,_,8:8,False,-15
7,217,7,0,),0,0,_,),False,-14
7,218,7,0,And,0,0,_,and,False,-13
7,219,7,0,the,0,0,_,the,False,-12
7,220,7,0,second,0,0,Ordinal_numbers,second,False,-11
7,221,7,0,angel,0,0,_,angel,False,-10
7,222,7,0,sounded,0,0,Make_noise,sound,False,-9
7,223,7,0,",",0,0,_,",",False,-8
7,224,7,0,and,0,0,_,and,False,-7
7,225,7,0,as,0,0,_,as,False,-6
7,226,7,0,it,0,0,_,it,False,-5
7,227,7,0,were,0,0,_,be,False,-4
7,228,7,0,a,0,0,_,a,False,-3
7,229,7,0,great,0,0,Size,great,False,-2
7,230,7,0,mountain,0,0,Natural_features,mountain,False,-1
7,231,7,0,burning,0,0,Fire_burning,burn,True,0
7,232,7,0,with,1,0,_,with,False,1
7,233,7,0,fire,0,0,Fire_burning,fire,False,2
7,234,7,0,was,0,0,_,be,False,3
7,235,7,0,cast,1,1,_,cast,False,4
7,236,7,0,into,0,0,Goal,into,False,5
7,237,7,0,the,0,0,_,the,False,6
7,238,7,0,sea,0,0,Natural_features,sea,False,7
7,239,7,0,:,0,0,_,:,False,8
7,240,7,0,and,0,0,_,and,False,9
7,241,7,0,the,0,0,_,the,False,10
7,242,7,0,third,0,0,Ordinal_numbers,third,False,11
7,243,7,0,part,0,0,Part_whole,part,False,12
7,244,7,0,of,0,0,Partitive,of,False,13
7,245,7,0,the,0,0,_,the,False,14
7,246,7,0,sea,0,0,Natural_features,sea,False,15
8,247,8,0,a,0,0,_,a,False,-15
8,248,8,0,tempest,1,1,_,tempest,False,-14
8,249,8,0,of,0,0,_,of,False,-13
8,250,8,0,destruction,0,0,Destroying,destruction,False,-12
8,251,8,0,.,0,0,_,.,False,-11
8,252,8,1,The,0,0,_,the,False,-10
8,253,8,1,second,0,0,Ordinal_numbers,second,False,-9
8,254,8,1,angel,0,0,_,angel,False,-8
8,255,8,1,sounded,0,0,Make_noise,sound,False,-7
8,256,8,1,",",0,0,_,",",False,-6
8,257,8,1,and,0,0,_,and,False,-5
8,258,8,1,a,0,0,_,a,False,-4
8,259,8,1,great,0,0,Size,great,False,-3
8,260,8,1,mountain,0,0,Natural_features,mountain,False,-2
8,261,8,1,",",0,0,_,",",False,-1
8,262,8,1,burning,0,0,Fire_burning,burn,True,0
8,263,8,1,with,1,0,_,with,False,1
8,264,8,1,fire,0,0,_,fire,False,2
8,265,8,1,",",0,0,_,",",False,3
8,266,8,1,was,0,0,_,be,False,4
8,267,8,1,cast,1,1,Cause_motion,cast,False,5
8,268,8,1,into,0,0,Goal,into,False,6
8,269,8,1,the,0,0,_,the,False,7
8,270,8,1,sea,0,0,Natural_features,sea,False,8
8,271,8,1,;,0,0,_,;,False,9
8,272,8,1,and,0,0,_,and,False,10
8,273,8,1,the,0,0,_,the,False,11
8,274,8,1,third,0,0,Ordinal_numbers,third,False,12
8,275,8,1,part,0,0,Part_whole,part,False,13
8,276,8,1,of,0,0,Partitive,of,False,14
8,277,8,1,the,0,0,_,the,False,15
9,278,9,0,of,0,0,_,of,False,-15
9,279,9,0,souls,0,0,_,soul,False,-14
9,280,9,0,to,1,0,_,to,False,-13
9,281,9,0,hell,0,0,_,hell,False,-12
9,282,9,0,;,0,0,_,;,False,-11
9,283,9,0,these,1,0,_,these,False,-10
9,284,9,0,shall,0,0,_,shall,False,-9
9,285,9,0,be,0,0,_,be,False,-8
9,286,9,0,taken,0,0,Taking,take,False,-7
9,287,9,0,and,0,0,_,and,False,-6
9,288,9,0,cast,1,1,Cause_motion,cast,False,-5
9,289,9,0,into,0,0,Goal,into,False,-4
9,290,9,0,the,0,0,_,the,False,-3
9,291,9,0,lake,0,0,Natural_features,lake,False,-2
9,292,9,0,which,0,0,_,which,False,-1
9,293,9,0,burns,1,1,Fire_burning,burn,True,0
9,294,9,0,with,1,0,_,with,False,1
9,295,9,0,fire,0,0,_,fire,False,2
9,296,9,0,and,0,0,_,and,False,3
9,297,9,0,brimstone,0,0,_,brimstone,False,4
9,298,9,0,.,0,0,_,.,False,5
9,299,9,1,The,0,0,_,the,False,6
9,300,9,1,Jews,0,0,_,Jews,False,7
9,301,9,1,(,0,0,_,(,False,8
9,302,9,1,g,0,0,_,g,False,9
9,303,9,1,),0,0,_,),False,10
9,304,9,1,have,1,0,Possession,have,False,11
9,305,9,1,a,0,0,_,a,False,12
9,306,9,1,saying,0,0,Statement,say,False,13
9,307,9,1,",",0,0,_,",",False,14
9,308,9,1,that,0,0,_,that,False,15
10,309,10,0,arts,0,0,Craft,art,False,-15
10,310,10,0,",",0,0,_,",",False,-14
10,311,10,0,and,0,0,_,and,False,-13
10,312,10,0,idolaters,0,0,Judgment,idolater,False,-12
10,313,10,0,",",0,0,_,",",False,-11
10,314,10,0,and,0,0,_,and,False,-10
10,315,10,0,all,0,0,Quantified_mass,all,False,-9
10,316,10,0,liars-,0,0,_,liars-,False,-8
10,317,10,0,their,0,0,_,their,False,-7
10,318,10,0,lot,1,0,_,lot,False,-6
10,319,10,0,is,0,0,_,be,False,-5
10,320,10,0,in,0,0,Interior_profile_relation,in,False,-4
10,321,10,0,the,0,0,_,the,False,-3
10,322,10,0,lake,0,0,Natural_features,lake,False,-2
10,323,10,0,that,0,0,_,that,False,-1
10,324,10,0,burns,0,0,Fire_burning,burn,True,0
10,325,10,0,with,1,0,_,with,False,1
10,326,10,0,fire,0,0,Fire_burning,fire,False,2
10,327,10,0,and,0,0,_,and,False,3
10,328,10,0,sulfur,0,0,Substance,sulfur,False,4
10,329,10,0,.,0,0,_,.,False,5
10,330,10,1,This,1,0,_,this,False,6
10,331,10,1,is,0,0,_,be,False,7
10,332,10,1,the,0,0,_,the,False,8
10,333,10,1,second,0,0,Ordinal_numbers,second,False,9
10,334,10,1,death.,0,0,Death,death,False,10
10,335,10,1,``,0,0,_,`,False,11
10,336,10,2,#,0,0,_,#,False,12
10,337,10,2,Next,0,0,Relative_time,next,False,13
10,338,10,2,",",0,0,_,",",False,14
11,339,11,0,You,0,0,_,you,False,-14
11,340,11,0,have,0,0,_,have,False,-13
11,341,11,0,not,0,0,_,not,False,-12
11,342,11,0,come,0,0,Arriving,come,False,-11
11,343,11,0,to,0,0,_,to,False,-10
11,344,11,0,a,0,0,_,a,False,-9
11,345,11,0,mountain,0,0,Natural_features,mountain,False,-8
11,346,11,0,that,0,0,_,that,False,-7
11,347,11,0,can,0,0,Capability,can,False,-6
11,348,11,0,be,0,0,_,be,False,-5
11,349,11,0,touched,0,0,_,touch,False,-4
11,350,11,0,and,0,0,_,and,False,-3
11,351,11,0,that,0,0,_,that,False,-2
11,352,11,0,is,0,0,_,be,False,-1
11,353,11,0,burning,1,1,Fire_burning,burn,True,0
11,354,11,0,with,1,0,_,with,False,1
11,355,11,0,fire,0,0,_,fire,False,2
11,356,11,0,;,0,0,_,;,False,3
11,357,11,0,to,0,0,_,to,False,4
11,358,11,0,darkness,0,0,_,darkness,False,5
11,359,11,0,",",0,0,_,",",False,6
11,360,11,0,gloom,0,0,_,gloom,False,7
11,361,11,0,and,0,0,_,and,False,8
11,362,11,0,storm,0,0,Weather,storm,False,9
11,363,11,0,;,0,0,_,;,False,10
11,364,11,0,Hebrews,0,0,_,hebrew,False,11
11,365,11,0,12:19,0,0,_,12:19,False,12
11,366,11,0,to,1,0,_,to,False,13
11,367,11,0,a,0,0,_,a,False,14
11,368,11,0,trumpet,0,0,Noise_makers,trumpet,False,15
12,369,12,0,sorcerers,0,0,People_by_vocation,sorcerer,False,-15
12,370,12,0,and,0,0,_,and,False,-14
12,371,12,0,idolaters,0,0,_,idolater,False,-13
12,372,12,0,and,0,0,_,and,False,-12
12,373,12,0,all,0,0,Quantified_mass,all,False,-11
12,374,12,0,liars,0,0,_,liar,False,-10
12,375,12,0,",",0,0,_,",",False,-9
12,376,12,0,their,0,0,_,their,False,-8
12,377,12,0,part,1,0,Performers_and_roles,part,False,-7
12,378,12,0,will,0,0,_,will,False,-6
12,379,12,0,be,0,0,_,be,False,-5
12,380,12,0,in,0,0,Interior_profile_relation,in,False,-4
12,381,12,0,the,0,0,_,the,False,-3
12,382,12,0,lake,0,0,Natural_features,lake,False,-2
12,383,12,0,that,0,0,_,that,False,-1
12,384,12,0,burns,1,1,Fire_burning,burn,True,0
12,385,12,0,with,1,0,_,with,False,1
12,386,12,0,fire,0,0,_,fire,False,2
12,387,12,0,and,0,0,_,and,False,3
12,388,12,0,brimstone,0,0,_,brimstone,False,4
12,389,12,0,",",0,0,_,",",False,5
12,390,12,0,which,0,0,_,which,False,6
12,391,12,0,is,0,0,_,be,False,7
12,392,12,0,the,0,0,_,the,False,8
12,393,12,0,second,0,0,Ordinal_numbers,second,False,9
12,394,12,0,death.,0,0,Death,death,False,10
12,395,12,0,``,0,0,_,`,False,11
12,396,12,1,#,0,0,_,#,False,12
12,397,12,1,From,0,0,Origin,from,False,13
12,398,12,1,these,0,0,_,these,False,14
13,399,13,0,with,0,0,Accompaniment,with,False,-15
13,400,13,0,him,0,0,_,he,False,-14
13,401,13,0,",",0,0,_,",",False,-13
13,402,13,0,they,0,0,_,they,False,-12
13,403,13,0,are,0,0,_,be,False,-11
13,404,13,0,with,0,0,_,with,False,-10
13,405,13,0,devils,0,0,_,devil,False,-9
13,406,13,0,and,0,0,_,and,False,-8
13,407,13,0,damned,0,0,_,damn,False,-7
13,408,13,0,spirits,0,0,_,spirit,False,-6
13,409,13,0,",",0,0,_,",",False,-5
13,410,13,0,in,0,0,Interior_profile_relation,in,False,-4
13,411,13,0,the,0,0,_,the,False,-3
13,412,13,0,lake,0,0,Natural_features,lake,False,-2
13,413,13,0,which,0,0,_,which,False,-1
13,414,13,0,burns,1,1,Fire_burning,burn,True,0
13,415,13,0,with,1,0,_,with,False,1
13,416,13,0,fire,1,0,_,fire,False,2
13,417,13,0,and,0,0,_,and,False,3
13,418,13,0,brimstone,0,0,_,brimstone,False,4
13,419,13,0,:,0,0,_,:,False,5
13,420,13,0,and,0,0,_,and,False,6
13,421,13,0,it,0,0,_,it,False,7
13,422,13,0,is,0,0,_,be,False,8
13,423,13,0,also,0,0,_,also,False,9
13,424,13,0,manifest,0,0,Obviousness,manifest,False,10
13,425,13,0,that,0,0,_,that,False,11
13,426,13,0,souls,0,0,_,soul,False,12
13,427,13,0,do,0,0,_,do,False,13
13,428,13,0,not,0,0,_,not,False,14
13,429,13,0,sleep,0,0,Sleep,sleep,False,15
14,430,14,0,midst,0,0,Locative_relation,midst,False,-15
14,431,14,0,of,0,0,_,of,False,-14
14,432,14,0,a,0,0,_,a,False,-13
14,433,14,0,bush,0,0,Biological_area,bush,False,-12
14,434,14,0,:,0,0,_,:,False,-11
14,435,14,0,and,0,0,_,and,False,-10
14,436,14,0,he,0,0,_,he,False,-9
14,437,14,0,looked,0,0,Perception_active,look,False,-8
14,438,14,0,",",0,0,_,",",False,-7
14,439,14,0,and,0,0,_,and,False,-6
14,440,14,0,",",0,0,_,",",False,-5
14,441,14,0,behold,0,0,_,behold,False,-4
14,442,14,0,",",0,0,_,",",False,-3
14,443,14,0,the,0,0,_,the,False,-2
14,444,14,0,bush,0,0,Biological_area,bush,False,-1
14,445,14,0,burned,0,0,Fire_burning,burn,True,0
14,446,14,0,with,1,0,_,with,False,1
14,447,14,0,fire,0,0,Fire_burning,fire,False,2
14,448,14,0,",",0,0,_,",",False,3
14,449,14,0,and,0,0,_,and,False,4
14,450,14,0,the,0,0,_,the,False,5
14,451,14,0,bush,0,0,_,bush,False,6
14,452,14,0,was,0,0,_,be,False,7
14,453,14,0,not,0,0,_,not,False,8
14,454,14,0,consumed,0,0,Ingestion,consume,False,9
14,455,14,0,.,0,0,_,.,False,10
14,456,14,1,#,0,0,_,#,False,11
14,457,14,1,American,0,0,Origin,american,False,12
14,458,14,1,King,0,0,Leadership,king,False,13
14,459,14,1,James,0,0,_,James,False,14
14,460,14,1,Version,0,0,Type,version,False,15
15,461,15,0,midst,0,0,Locative_relation,midst,False,-14
15,462,15,0,of,0,0,_,of,False,-13
15,463,15,0,a,0,0,_,a,False,-12
15,464,15,0,thorn-bush,0,0,_,thorn,False,-11
15,465,15,0,:,0,0,_,:,False,-10
15,466,15,0,and,0,0,_,and,False,-9
15,467,15,0,he,0,0,_,he,False,-8
15,468,15,0,looked,0,0,Perception_active,look,False,-7
15,469,15,0,",",0,0,_,",",False,-6
15,470,15,0,and,0,0,_,and,False,-5
15,471,15,0,behold,0,0,_,behold,False,-4
15,472,15,0,",",0,0,_,",",False,-3
15,473,15,0,the,0,0,_,the,False,-2
15,474,15,0,thorn-bush,0,0,_,thorn,False,-1
15,475,15,0,burned,0,0,Fire_burning,burn,True,0
15,476,15,0,with,1,0,_,with,False,1
15,477,15,0,fire,0,0,Fire_burning,fire,False,2
15,478,15,0,",",0,0,_,",",False,3
15,479,15,0,and,0,0,_,and,False,4
15,480,15,0,the,0,0,_,the,False,5
15,481,15,0,thorn-bush,0,0,_,thorn,False,6
15,482,15,0,was,0,0,_,be,False,7
15,483,15,0,not,0,0,_,not,False,8
15,484,15,0,being,0,0,_,be,False,9
15,485,15,0,consumed,0,0,Ingestion,consume,False,10
15,486,15,0,.,0,0,_,.,False,11
15,487,15,1,#,0,0,_,#,False,12
15,488,15,1,English,0,0,_,english,False,13
15,489,15,1,Revised,0,0,Cause_change,revise,False,14
15,490,15,1,Version,0,0,_,version,False,15
16,491,16,0,midst,0,0,Locative_relation,midst,False,-15
16,492,16,0,of,0,0,_,of,False,-14
16,493,16,0,a,0,0,_,a,False,-13
16,494,16,0,bush,0,0,Biological_area,bush,False,-12
16,495,16,0,:,0,0,_,:,False,-11
16,496,16,0,and,0,0,_,and,False,-10
16,497,16,0,he,0,0,_,he,False,-9
16,498,16,0,looked,0,0,Perception_active,look,False,-8
16,499,16,0,",",0,0,_,",",False,-7
16,500,16,0,and,0,0,_,and,False,-6
16,501,16,0,",",0,0,_,",",False,-5
16,502,16,0,behold,0,0,_,behold,False,-4
16,503,16,0,",",0,0,_,",",False,-3
16,504,16,0,the,0,0,_,the,False,-2
16,505,16,0,bush,0,0,Biological_area,bush,False,-1
16,506,16,0,burned,0,0,Fire_burning,burn,True,0
16,507,16,0,with,1,0,_,with,False,1
16,508,16,0,fire,0,0,Fire_burning,fire,False,2
16,509,16,0,",",0,0,_,",",False,3
16,510,16,0,and,0,0,_,and,False,4
16,511,16,0,the,0,0,_,the,False,5
16,512,16,0,bush,0,0,_,bush,False,6
16,513,16,0,was,0,0,_,be,False,7
16,514,16,0,not,0,0,_,not,False,8
16,515,16,0,consumed,0,0,Ingestion,consume,False,9
16,516,16,0,.,0,0,_,.,False,10
16,517,16,1,#,0,0,_,#,False,11
16,518,16,1,Webster,0,0,_,Webster,False,12
16,519,16,1,'s,0,0,_,be,False,13
16,520,16,1,Bible,0,0,_,Bible,False,14
16,521,16,1,Translation,0,0,_,translation,False,15
17,522,17,0,the,0,0,_,the,False,-15
17,523,17,0,midst,0,0,Locative_relation,midst,False,-14
17,524,17,0,of,0,0,_,of,False,-13
17,525,17,0,a,0,0,_,a,False,-12
17,526,17,0,bush,0,0,Biological_area,bush,False,-11
17,527,17,0,:,0,0,_,:,False,-10
17,528,17,0,and,0,0,_,and,False,-9
17,529,17,0,he,0,0,_,he,False,-8
17,530,17,0,looked,0,0,Perception_active,look,False,-7
17,531,17,0,",",0,0,_,",",False,-6
17,532,17,0,and,0,0,_,and,False,-5
17,533,17,0,behold,0,0,_,behold,False,-4
17,534,17,0,",",0,0,_,",",False,-3
17,535,17,0,the,0,0,_,the,False,-2
17,536,17,0,bush,0,0,Biological_area,bush,False,-1
17,537,17,0,burned,0,0,Fire_burning,burn,True,0
17,538,17,0,with,1,0,_,with,False,1
17,539,17,0,fire,0,0,Fire_burning,fire,False,2
17,540,17,0,",",0,0,_,",",False,3
17,541,17,0,and,0,0,_,and,False,4
17,542,17,0,the,0,0,_,the,False,5
17,543,17,0,bush,0,0,_,bush,False,6
17,544,17,0,was,0,0,_,be,False,7
17,545,17,0,not,0,0,_,not,False,8
17,546,17,0,consumed,0,0,Ingestion,consume,False,9
17,547,17,0,.,0,0,_,.,False,10
17,548,17,1,#,0,0,_,#,False,11
17,549,17,1,World,0,0,Political_locales,world,False,12
17,550,17,1,English,0,0,_,english,False,13
17,551,17,1,Bible,0,0,_,Bible,False,14
17,552,17,1,The,0,0,_,the,False,15
18,553,18,0,of,0,0,_,of,False,-14
18,554,18,0,the,0,0,_,the,False,-13
18,555,18,0,bush,0,0,_,bush,False,-12
18,556,18,0,",",0,0,_,",",False,-11
18,557,18,0,and,0,0,_,and,False,-10
18,558,18,0,he,0,0,_,he,False,-9
18,559,18,0,seeth,0,0,Change_of_phase,seeth,False,-8
18,560,18,0,",",0,0,_,",",False,-7
18,561,18,0,and,0,0,_,and,False,-6
18,562,18,0,lo,0,0,_,lo,False,-5
18,563,18,0,",",0,0,_,",",False,-4
18,564,18,0,the,0,0,_,the,False,-3
18,565,18,0,bush,0,0,_,bush,False,-2
18,566,18,0,is,0,0,_,be,False,-1
18,567,18,0,burning,0,0,Fire_burning,burn,True,0
18,568,18,0,with,1,0,_,with,False,1
18,569,18,0,fire,0,0,Fire_burning,fire,False,2
18,570,18,0,",",0,0,_,",",False,3
18,571,18,0,and,0,0,_,and,False,4
18,572,18,0,the,0,0,_,the,False,5
18,573,18,0,bush,0,0,_,bush,False,6
18,574,18,0,is,0,0,_,be,False,7
18,575,18,0,not,0,0,_,not,False,8
18,576,18,0,consumed,0,0,Ingestion,consume,False,9
18,577,18,0,.,0,0,_,.,False,10
18,578,18,1,#,0,0,_,#,False,11
18,579,18,1,The,0,0,_,the,False,12
18,580,18,1,angel,1,1,_,angel,False,13
18,581,18,1,of,0,0,_,of,False,14
18,582,18,1,the,0,0,_,the,False,15
19,583,19,0,instant,0,0,_,instant,False,-15
19,584,19,0,of,0,0,_,of,False,-14
19,585,19,0,time,0,0,_,time,False,-13
19,586,19,0,:,0,0,_,:,False,-12
19,587,19,0,#,0,0,_,#,False,-11
19,588,19,0,and,0,0,_,and,False,-10
19,589,19,0,he,0,0,_,he,False,-9
19,590,19,0,looked,0,0,Perception_active,look,False,-8
19,591,19,0,",",0,0,_,",",False,-7
19,592,19,0,and,0,0,_,and,False,-6
19,593,19,0,",",0,0,_,",",False,-5
19,594,19,0,behold,0,0,_,behold,False,-4
19,595,19,0,",",0,0,_,",",False,-3
19,596,19,0,the,0,0,_,the,False,-2
19,597,19,0,bush,0,0,_,bush,False,-1
19,598,19,0,burned,0,0,Fire_burning,burn,True,0
19,599,19,0,with,1,0,_,with,False,1
19,600,19,0,fire,0,0,Fire_burning,fire,False,2
19,601,19,0,",",0,0,_,",",False,3
19,602,19,0,and,0,0,_,and,False,4
19,603,19,0,the,0,0,_,the,False,5
19,604,19,0,bush,0,0,_,bush,False,6
19,605,19,0,was,0,0,_,be,False,7
19,606,19,0,not,0,0,_,not,False,8
19,607,19,0,consumed,0,0,Ingestion,consume,False,9
19,608,19,0,;,0,0,_,;,False,10
19,609,19,0,this,1,0,_,this,False,11
19,610,19,0,was,0,0,_,be,False,12
19,611,19,0,not,0,0,_,not,False,13
19,612,19,0,imaginary,0,0,_,imaginary,False,14
19,613,19,0,",",0,0,_,",",False,15
20,614,20,0,the,0,0,_,the,False,-15
20,615,20,0,bullock,0,0,_,bullock,False,-14
20,616,20,0,",",0,0,_,",",False,-13
20,617,20,0,and,0,0,_,and,False,-12
20,618,20,0,his,0,0,_,his,False,-11
20,619,20,0,hide,0,0,_,hide,False,-10
20,620,20,0,",",0,0,_,",",False,-9
20,621,20,0,his,0,0,_,his,False,-8
20,622,20,0,flesh,0,0,_,flesh,False,-7
20,623,20,0,",",0,0,_,",",False,-6
20,624,20,0,and,0,0,_,and,False,-5
20,625,20,0,his,0,0,_,his,False,-4
20,626,20,0,dung,0,0,_,dung,False,-3
20,627,20,0,",",0,0,_,",",False,-2
20,628,20,0,he,0,0,_,he,False,-1
20,629,20,0,burnt,0,0,Fire_burning,burn,True,0
20,630,20,0,with,0,0,_,with,False,1
20,631,20,0,fire,0,0,Fire_burning,fire,False,2
20,632,20,0,without,1,0,_,without,False,3
20,633,20,0,the,0,0,_,the,False,4
20,634,20,0,camp,0,0,_,camp,False,5
20,635,20,0,;,0,0,_,;,False,6
20,636,20,0,as,0,0,_,as,False,7
20,637,20,0,the,0,0,_,the,False,8
20,638,20,0,LORD,0,0,_,LORD,False,9
20,639,20,0,commanded,0,0,Request,command,False,10
20,640,20,0,Moses.,0,0,_,Moses,False,11
20,641,20,0,``,0,0,_,`,False,12
20,642,20,1,8:17,0,0,_,8:17,False,13
20,643,20,1,#,0,0,_,#,False,14
21,644,21,0,midst,0,0,Locative_relation,midst,False,-15
21,645,21,0,of,0,0,_,of,False,-14
21,646,21,0,a,0,0,_,a,False,-13
21,647,21,0,bush,0,0,Biological_area,bush,False,-12
21,648,21,0,:,0,0,_,:,False,-11
21,649,21,0,and,0,0,_,and,False,-10
21,650,21,0,he,0,0,_,he,False,-9
21,651,21,0,looked,0,0,Perception_active,look,False,-8
21,652,21,0,",",0,0,_,",",False,-7
21,653,21,0,and,0,0,_,and,False,-6
21,654,21,0,",",0,0,_,",",False,-5
21,655,21,0,behold,0,0,_,behold,False,-4
21,656,21,0,",",0,0,_,",",False,-3
21,657,21,0,the,0,0,_,the,False,-2
21,658,21,0,bush,0,0,Biological_area,bush,False,-1
21,659,21,0,burned,0,0,Fire_burning,burn,True,0
21,660,21,0,with,1,0,_,with,False,1
21,661,21,0,fire,0,0,Fire_burning,fire,False,2
21,662,21,0,",",0,0,_,",",False,3
21,663,21,0,and,0,0,_,and,False,4
21,664,21,0,the,0,0,_,the,False,5
21,665,21,0,bush,0,0,_,bush,False,6
21,666,21,0,was,0,0,_,be,False,7
21,667,21,0,not,0,0,_,not,False,8
21,668,21,0,consumed,0,0,Ingestion,consume,False,9
21,669,21,0,.,0,0,_,.,False,10
21,670,21,1,#,0,0,_,#,False,11
21,671,21,1,3,0,0,_,3,False,12
21,672,21,1,And,0,0,_,and,False,13
21,673,21,1,Moses,0,0,_,Moses,False,14
21,674,21,1,said,0,0,Statement,say,False,15
22,675,22,0,shall,0,0,_,shall,False,-2
22,676,22,0,ever,0,0,Frequency,ever,False,-1
22,677,22,0,burn,0,0,Fire_burning,burn,True,0
22,678,22,0,",",0,0,_,",",False,1
22,679,22,0,and,0,0,_,and,False,2
22,680,22,0,never,0,0,Frequency,never,False,3
22,681,22,0,be,0,0,_,be,False,4
22,682,22,0,quenched,1,1,Putting_out_fire,quench,False,5
22,683,22,0,;,0,0,_,;,False,6
22,684,22,0,hence,0,0,_,hence,False,7
22,685,22,0,it,0,0,_,it,False,8
22,686,22,0,is,0,0,_,be,False,9
22,687,22,0,called,0,0,Referring_by_name,call,False,10
22,688,22,0,a,0,0,_,a,False,11
22,689,22,0,lake,0,0,Natural_features,lake,False,12
22,690,22,0,burning,0,0,Fire_burning,burn,True,13
22,691,22,0,with,1,0,_,with,False,14
22,692,22,0,fire,0,0,_,fire,False,15
22,693,22,0,and,0,0,_,and,False,16
22,694,22,0,brimstone,0,0,_,brimstone,False,17
22,695,22,0,;,0,0,_,;,False,18
22,696,22,0,into,0,0,_,into,False,19
22,697,22,0,which,0,0,_,which,False,20
22,698,22,0,Satan,0,0,_,Satan,False,21
22,699,22,0,",",0,0,_,",",False,22
22,700,22,0,the,0,0,_,the,False,23
22,701,22,0,beast,1,1,_,beast,False,24
22,702,22,0,",",0,0,_,",",False,25
22,703,22,0,and,0,0,_,and,False,26
22,704,22,0,false,1,1,Legality,false,False,27
22,705,22,0,prophet,0,0,_,prophet,False,28
23,706,23,0,sorcerers,0,0,People_by_vocation,sorcerer,False,-15
23,707,23,0,",",0,0,_,",",False,-14
23,708,23,0,idolators,0,0,_,idolator,False,-13
23,709,23,0,",",0,0,_,",",False,-12
23,710,23,0,and,0,0,_,and,False,-11
23,711,23,0,all,0,0,Quantified_mass,all,False,-10
23,712,23,0,liars,0,0,Morality_evaluation,liar,False,-9
23,713,23,0,shall,0,0,_,shall,False,-8
23,714,23,0,have,1,0,Have_associated,have,False,-7
23,715,23,0,their,0,0,_,their,False,-6
23,716,23,0,part,1,0,Performers_and_roles,part,False,-5
23,717,23,0,in,0,0,_,in,False,-4
23,718,23,0,the,0,0,_,the,False,-3
23,719,23,0,lake,0,0,Natural_features,lake,False,-2
23,720,23,0,which,0,0,_,which,False,-1
23,721,23,0,burns,1,1,Fire_burning,burn,True,0
23,722,23,0,with,1,0,_,with,False,1
23,723,23,0,fire,0,0,_,fire,False,2
23,724,23,0,and,0,0,_,and,False,3
23,725,23,0,brimstone,0,0,_,brimstone,False,4
23,726,23,0,",",0,0,_,",",False,5
23,727,23,0,which,0,0,_,which,False,6
23,728,23,0,is,0,0,_,be,False,7
23,729,23,0,the,0,0,_,the,False,8
23,730,23,0,second,0,0,Ordinal_numbers,second,False,9
23,731,23,0,death.,0,0,Death,death,False,10
23,732,23,0,``,0,0,_,`,False,11
23,733,23,1,#,0,0,_,#,False,12
23,734,23,1,Revelation,0,0,_,revelation,False,13
23,735,23,1,21:8,0,0,_,21:8,False,14
24,736,24,0,mystical,0,0,_,mystical,False,-15
24,737,24,0,Babylon,0,0,_,Babylon,False,-14
24,738,24,0,",",0,0,_,",",False,-13
24,739,24,0,the,0,0,_,the,False,-12
24,740,24,0,whore,1,1,_,whore,False,-11
24,741,24,0,of,0,0,Origin,of,False,-10
24,742,24,0,Rome,0,0,_,Rome,False,-9
24,743,24,0,;,0,0,_,;,False,-8
24,744,24,0,the,0,0,_,the,False,-7
24,745,24,0,beast,1,1,_,beast,False,-6
24,746,24,0,and,0,0,_,and,False,-5
24,747,24,0,false,1,1,_,false,False,-4
24,748,24,0,prophet,0,0,_,prophet,False,-3
24,749,24,0,will,0,0,_,will,False,-2
24,750,24,0,be,0,0,_,be,False,-1
24,751,24,0,burnt,0,0,Cause_harm,burn,True,0
24,752,24,0,with,1,0,_,with,False,1
24,753,24,0,fire,0,0,_,fire,False,2
24,754,24,0,;,0,0,_,;,False,3
24,755,24,0,the,0,0,_,the,False,4
24,756,24,0,day,0,0,Calendric_unit,day,False,5
24,757,24,0,of,0,0,_,of,False,6
24,758,24,0,the,0,0,_,the,False,7
24,759,24,0,",",0,0,_,",",False,8
24,760,24,0,Lord,0,0,_,Lord,False,9
24,761,24,0,will,0,0,_,will,False,10
24,762,24,0,burn,0,0,Fire_burning,burn,True,11
24,763,24,0,like,0,0,_,like,False,12
24,764,24,0,an,0,0,_,an,False,13
24,765,24,0,oven,0,0,Artifact,oven,False,14
24,766,24,0,",",0,0,_,",",False,15
25,767,25,0,,0,0,Quantified_mass,,False,-15
25,768,25,0,of,0,0,Partitive,of,False,-14
25,769,25,0,the,0,0,_,the,False,-13
25,770,25,0,flesh,0,0,Body_parts,flesh,False,-12
25,771,25,0,of,0,0,_,of,False,-11
25,772,25,0,the,0,0,_,the,False,-10
25,773,25,0,passover,0,0,_,passover,False,-9
25,774,25,0,lamb,0,0,_,lamb,False,-8
25,775,25,0,",",0,0,_,",",False,-7
25,776,25,0,what,0,0,_,what,False,-6
25,777,25,0,was,0,0,_,be,False,-5
25,778,25,0,left,0,0,Remainder,leave,False,-4
25,779,25,0,was,0,0,_,be,False,-3
25,780,25,0,to,0,0,_,to,False,-2
25,781,25,0,be,0,0,_,be,False,-1
25,782,25,0,burnt,0,0,Fire_burning,burn,True,0
25,783,25,0,with,1,0,_,with,False,1
25,784,25,0,fire,0,0,_,fire,False,2
25,785,25,0,",",0,0,_,",",False,3
25,786,25,0,Exodus,0,0,_,exodus,False,4
25,787,25,0,12:10,0,0,_,12:10,False,5
25,788,25,0,",",0,0,_,",",False,6
25,789,25,0,#,0,0,_,#,False,7
25,790,25,0,nor,0,0,_,nor,False,8
25,791,25,0,break,0,0,Cause_to_fragment,break,False,9
25,792,25,0,any,0,0,Quantified_mass,any,False,10
25,793,25,0,bone,0,0,_,bone,False,11
25,794,25,0,of,0,0,_,of,False,12
25,795,25,0,it,0,0,_,it,False,13
25,796,25,0,;,0,0,_,;,False,14
25,797,25,0,the,0,0,_,the,False,15
26,798,26,0,she,0,0,_,she,False,-15
26,799,26,0,and,0,0,_,and,False,-14
26,800,26,0,her,0,0,_,she,False,-13
26,801,26,0,family,0,0,Kinship,family,False,-12
26,802,26,0,are,0,0,_,be,False,-11
26,803,26,0,``,0,0,_,`,False,-10
26,804,26,0,brought,0,0,Bringing,bring,False,-9
26,805,26,0,out,0,0,_,out,False,-8
26,806,26,0,``,0,0,_,`,False,-7
26,807,26,0,of,0,0,_,of,False,-6
26,808,26,0,Jericho,0,0,_,Jericho,False,-5
26,809,26,0,before,0,0,Time_vector,before,False,-4
26,810,26,0,the,0,0,_,the,False,-3
26,811,26,0,city,0,0,Political_locales,city,False,-2
26,812,26,0,is,0,0,_,be,False,-1
26,813,26,0,burned,0,0,Fire_burning,burn,True,0
26,814,26,0,with,0,0,_,with,False,1
26,815,26,0,fire,0,0,Fire_burning,fire,False,2
26,816,26,0,(,0,0,_,(,False,3
26,817,26,0,Joshua,0,0,_,Joshua,False,4
26,818,26,0,6,0,0,_,6,False,5
26,819,26,0,),0,0,_,),False,6
26,820,26,0,.,0,0,_,.,False,7
26,821,26,1,Rahab,0,0,_,Rahab,False,8
26,822,26,1,is,0,0,_,be,False,9
26,823,26,1,a,0,0,_,a,False,10
26,824,26,1,prostitute,0,0,_,prostitute,False,11
26,825,26,1,(,0,0,_,(,False,12
26,826,26,1,Hebrews,0,0,_,hebrew,False,13
26,827,26,1,11:31,0,0,_,11:31,False,14
26,828,26,1,),0,0,_,),False,15
27,829,27,0,the,0,0,_,the,False,-15
27,830,27,0,end,1,0,Process_end,end,False,-14
27,831,27,0,is,0,0,_,be,False,-13
27,832,27,0,fatal,0,0,Killing,fatal,False,-12
27,833,27,0,.,0,0,_,.,False,-11
27,834,27,1,#,0,0,_,#,False,-10
27,835,27,1,Isaiah,0,0,_,Isaiah,False,-9
27,836,27,1,1:7,0,0,_,1:7,False,-8
27,837,27,1,Your,0,0,_,your,False,-7
27,838,27,1,country,0,0,Political_locales,country,False,-6
27,839,27,1,is,0,0,_,be,False,-5
27,840,27,1,desolate,0,0,_,desolate,False,-4
27,841,27,1,",",0,0,_,",",False,-3
27,842,27,1,your,0,0,_,your,False,-2
27,843,27,1,cities,0,0,Political_locales,city,False,-1
27,844,27,1,burned,0,0,Fire_burning,burn,True,0
27,845,27,1,with,1,0,_,with,False,1
27,846,27,1,fire,0,0,Fire_burning,fire,False,2
27,847,27,1,;,0,0,_,;,False,3
27,848,27,1,your,0,0,_,your,False,4
27,849,27,1,fields,0,0,Locale_by_use,field,False,5
27,850,27,1,are,0,0,_,be,False,6
27,851,27,1,being,0,0,_,be,False,7
27,852,27,1,stripped,1,1,Removing,strip,False,8
27,853,27,1,by,0,0,_,by,False,9
27,854,27,1,foreigners,0,0,People_by_origin,foreigner,False,10
27,855,27,1,right,0,0,_,right,False,11
27,856,27,1,before,0,0,Non-gradable_proximity,before,False,12
27,857,27,1,you,0,0,_,you,False,13
27,858,27,1,",",0,0,_,",",False,14
27,859,27,1,laid,1,1,Placing,lay,False,15
28,860,28,0,",",0,0,_,",",False,-15
28,861,28,0,then,0,0,_,then,False,-14
28,862,28,0,",",0,0,_,",",False,-13
28,863,28,0,does,0,0,_,do,False,-12
28,864,28,0,he,0,0,_,he,False,-11
28,865,28,0,say,0,0,Statement,say,False,-10
28,866,28,0,?,0,0,_,?,False,-9
28,867,28,1,Your,0,0,_,your,False,-8
28,868,28,1,country,0,0,Political_locales,country,False,-7
28,869,28,1,is,0,0,_,be,False,-6
28,870,28,1,desolate,0,0,_,desolate,False,-5
28,871,28,1,",",0,0,_,",",False,-4
28,872,28,1,your,0,0,_,your,False,-3
28,873,28,1,cities,0,0,Locale_by_use,city,False,-2
28,874,28,1,are,0,0,_,be,False,-1
28,875,28,1,burned,1,1,Fire_burning,burn,True,0
28,876,28,1,with,1,0,_,with,False,1
28,877,28,1,fire,1,0,Fire_burning,fire,False,2
28,878,28,1,:,0,0,_,:,False,3
28,879,28,1,your,0,0,_,your,False,4
28,880,28,1,land,0,0,_,land,False,5
28,881,28,1,",",0,0,_,",",False,6
28,882,28,1,strangers,0,0,Indigenous_origin,stranger,False,7
28,883,28,1,devour,1,1,Apply_heat,devour,False,8
28,884,28,1,it,0,0,_,it,False,9
28,885,28,1,in,1,0,_,in,False,10
28,886,28,1,your,0,0,_,your,False,11
28,887,28,1,presence,0,0,Presence,presence,False,12
28,888,28,1,:,0,0,_,:,False,13
28,889,28,1,the,0,0,_,the,False,14
28,890,28,1,daughter,0,0,Kinship,daughter,False,15
29,891,29,0,of,0,0,Partitive,of,False,-15
29,892,29,0,those,1,0,_,those,False,-14
29,893,29,0,who,0,0,_,who,False,-13
29,894,29,0,lived,0,0,Residence,live,False,-12
29,895,29,0,there,0,0,Locative_relation,there,False,-11
29,896,29,0,.,0,0,_,.,False,-10
29,897,29,1,Isaiah,0,0,_,Isaiah,False,-9
29,898,29,1,1:7,0,0,_,1:7,False,-8
29,899,29,1,Your,0,0,_,your,False,-7
29,900,29,1,country,0,0,Political_locales,country,False,-6
29,901,29,1,is,0,0,_,be,False,-5
29,902,29,1,desolate,0,0,_,desolate,False,-4
29,903,29,1,",",0,0,_,",",False,-3
29,904,29,1,your,0,0,_,your,False,-2
29,905,29,1,cities,0,0,Political_locales,city,False,-1
29,906,29,1,burned,0,0,Fire_burning,burn,True,0
29,907,29,1,with,1,0,_,with,False,1
29,908,29,1,fire,0,0,Fire_burning,fire,False,2
29,909,29,1,;,0,0,_,;,False,3
29,910,29,1,your,0,0,_,your,False,4
29,911,29,1,fields,0,0,Locale_by_use,field,False,5
29,912,29,1,are,0,0,_,be,False,6
29,913,29,1,being,0,0,_,be,False,7
29,914,29,1,stripped,1,1,Removing,strip,False,8
29,915,29,1,by,0,0,_,by,False,9
29,916,29,1,foreigners,0,0,People_by_origin,foreigner,False,10
29,917,29,1,right,0,0,_,right,False,11
29,918,29,1,before,0,0,_,before,False,12
29,919,29,1,you,0,0,_,you,False,13
29,920,29,1,",",0,0,_,",",False,14
29,921,29,1,laid,1,1,Placing,lay,False,15
30,922,30,0,64:11,0,0,_,64:11,False,-15
30,923,30,0,Our,0,0,_,our,False,-14
30,924,30,0,holy,0,0,_,holy,False,-13
30,925,30,0,and,0,0,_,and,False,-12
30,926,30,0,glorious,0,0,Stimulus_focus,glorious,False,-11
30,927,30,0,temple,0,0,Buildings,temple,False,-10
30,928,30,0,",",0,0,_,",",False,-9
30,929,30,0,where,0,0,Locative_relation,where,False,-8
30,930,30,0,our,0,0,_,our,False,-7
30,931,30,0,fathers,0,0,Kinship,father,False,-6
30,932,30,0,praised,0,0,Judgment_communication,praise,False,-5
30,933,30,0,you,0,0,_,you,False,-4
30,934,30,0,",",0,0,_,",",False,-3
30,935,30,0,has,0,0,_,have,False,-2
30,936,30,0,been,0,0,_,be,False,-1
30,937,30,0,burned,0,0,Fire_burning,burn,True,0
30,938,30,0,with,0,0,_,with,False,1
30,939,30,0,fire,0,0,_,fire,False,2
30,940,30,0,",",0,0,_,",",False,3
30,941,30,0,and,0,0,_,and,False,4
30,942,30,0,all,0,0,Quantified_mass,all,False,5
30,943,30,0,that,0,0,_,that,False,6
30,944,30,0,we,0,0,_,we,False,7
30,945,30,0,treasured,0,0,Experiencer_focus,treasured,False,8
30,946,30,0,lies,1,0,Being_located,lie,False,9
30,947,30,0,in,0,0,_,in,False,10
30,948,30,0,ruins,0,0,_,ruin,False,11
30,949,30,0,.,0,0,_,.,False,12
30,950,30,1,Jeremiah,0,0,_,Jeremiah,False,13
30,951,30,1,17:6,0,0,_,17:6,False,14
30,952,30,1,He,0,0,_,he,False,15
31,953,31,0,with,1,0,_,with,False,-15
31,954,31,0,those,1,0,_,those,False,-14
31,955,31,0,that,0,0,_,that,False,-13
31,956,31,0,believe,0,0,Certainty,believe,False,-12
31,957,31,0,not,0,0,_,not,False,-11
31,958,31,0,;,0,0,_,;,False,-10
31,959,31,0,and,0,0,_,and,False,-9
31,960,31,0,the,0,0,_,the,False,-8
31,961,31,0,portion,1,1,Part_whole,portion,False,-7
31,962,31,0,of,0,0,_,of,False,-6
31,963,31,0,these,1,0,_,these,False,-5
31,964,31,0,is,0,0,_,be,False,-4
31,965,31,0,the,0,0,_,the,False,-3
31,966,31,0,lake,0,0,Natural_features,lake,False,-2
31,967,31,0,which,0,0,_,which,False,-1
31,968,31,0,burns,1,0,Fire_burning,burn,True,0
31,969,31,0,with,1,0,_,with,False,1
31,970,31,0,fire,0,0,_,fire,False,2
31,971,31,0,and,0,0,_,and,False,3
31,972,31,0,brimstone,0,0,_,brimstone,False,4
31,973,31,0,;,0,0,_,;,False,5
31,974,31,0,see,0,0,Grasp,see,False,6
31,975,31,0,Revelation,0,0,_,revelation,False,7
31,976,31,0,21:8,0,0,_,21:8,False,8
31,977,31,0,or,0,0,_,or,False,9
31,978,31,0,all,0,0,Quantified_mass,all,False,10
31,979,31,0,such,0,0,_,such,False,11
31,980,31,0,persons,0,0,People,person,False,12
31,981,31,0,are,0,0,_,be,False,13
31,982,31,0,intended,0,0,Purpose,intended,False,14
31,983,31,0,",",0,0,_,",",False,15
32,984,32,0,64:11,0,0,_,64:11,False,-15
32,985,32,0,Our,0,0,_,our,False,-14
32,986,32,0,holy,0,0,_,holy,False,-13
32,987,32,0,and,0,0,_,and,False,-12
32,988,32,0,glorious,0,0,Stimulus_focus,glorious,False,-11
32,989,32,0,temple,0,0,Buildings,temple,False,-10
32,990,32,0,",",0,0,_,",",False,-9
32,991,32,0,where,0,0,Locative_relation,where,False,-8
32,992,32,0,our,0,0,_,our,False,-7
32,993,32,0,fathers,0,0,Kinship,father,False,-6
32,994,32,0,praised,0,0,Judgment_communication,praise,False,-5
32,995,32,0,you,0,0,_,you,False,-4
32,996,32,0,",",0,0,_,",",False,-3
32,997,32,0,has,0,0,_,have,False,-2
32,998,32,0,been,0,0,_,be,False,-1
32,999,32,0,burned,0,0,Fire_burning,burn,True,0
32,1000,32,0,with,0,0,_,with,False,1
32,1001,32,0,fire,0,0,_,fire,False,2
32,1002,32,0,",",0,0,_,",",False,3
32,1003,32,0,and,0,0,_,and,False,4
32,1004,32,0,all,0,0,Quantified_mass,all,False,5
32,1005,32,0,that,0,0,_,that,False,6
32,1006,32,0,we,0,0,_,we,False,7
32,1007,32,0,treasured,0,0,Experiencer_focus,treasured,False,8
32,1008,32,0,lies,1,0,Being_located,lie,False,9
32,1009,32,0,in,0,0,_,in,False,10
32,1010,32,0,ruins,0,0,_,ruin,False,11
32,1011,32,0,.,0,0,_,.,False,12
32,1012,32,1,Jeremiah,0,0,_,Jeremiah,False,13
32,1013,32,1,46:22,0,0,_,46:22,False,14
32,1014,32,1,Egypt,0,0,_,Egypt,False,15
33,1015,33,0,sorcerers,0,0,People_by_vocation,sorcerer,False,-15
33,1016,33,0,",",0,0,_,",",False,-14
33,1017,33,0,idolaters,0,0,_,idolater,False,-13
33,1018,33,0,",",0,0,_,",",False,-12
33,1019,33,0,and,0,0,_,and,False,-11
33,1020,33,0,all,0,0,Quantified_mass,all,False,-10
33,1021,33,0,liars,0,0,Morality_evaluation,liar,False,-9
33,1022,33,0,shall,0,0,_,shall,False,-8
33,1023,33,0,have,1,0,Have_associated,have,False,-7
33,1024,33,0,their,0,0,_,their,False,-6
33,1025,33,0,part,1,0,Performers_and_roles,part,False,-5
33,1026,33,0,in,0,0,_,in,False,-4
33,1027,33,0,the,0,0,_,the,False,-3
33,1028,33,0,lake,0,0,Natural_features,lake,False,-2
33,1029,33,0,which,0,0,_,which,False,-1
33,1030,33,0,burns,1,1,Fire_burning,burn,True,0
33,1031,33,0,with,1,0,_,with,False,1
33,1032,33,0,fire,0,0,_,fire,False,2
33,1033,33,0,and,0,0,_,and,False,3
33,1034,33,0,brimstone,0,0,_,brimstone,False,4
33,1035,33,0,",",0,0,_,",",False,5
33,1036,33,0,which,0,0,_,which,False,6
33,1037,33,0,is,0,0,_,be,False,7
33,1038,33,0,the,0,0,_,the,False,8
33,1039,33,0,second,0,0,Ordinal_numbers,second,False,9
33,1040,33,0,death,0,0,Death,death,False,10
33,1041,33,0,``,0,0,_,`,False,11
33,1042,33,0,(,0,0,_,(,False,12
33,1043,33,0,Revelation,0,0,_,revelation,False,13
33,1044,33,0,21:8,0,0,_,21:8,False,14
33,1045,33,0,),0,0,_,),False,15
34,1046,34,0,For,0,0,Causation,for,False,-15
34,1047,34,0,ye,0,0,_,ye,False,-14
34,1048,34,0,are,0,0,_,be,False,-13
34,1049,34,0,not,0,0,_,not,False,-12
34,1050,34,0,come,0,0,Arriving,come,False,-11
34,1051,34,0,unto,0,0,_,unto,False,-10
34,1052,34,0,the,0,0,_,the,False,-9
34,1053,34,0,mount,0,0,_,mount,False,-8
34,1054,34,0,that,0,0,_,that,False,-7
34,1055,34,0,might,0,0,Likelihood,might,False,-6
34,1056,34,0,be,0,0,_,be,False,-5
34,1057,34,0,touched,0,0,Cause_harm,touch,False,-4
34,1058,34,0,",",0,0,_,",",False,-3
34,1059,34,0,and,0,0,_,and,False,-2
34,1060,34,0,that,0,0,_,that,False,-1
34,1061,34,0,burned,1,1,Fire_burning,burn,True,0
34,1062,34,0,with,1,0,_,with,False,1
34,1063,34,0,fire,0,0,Fire_burning,fire,False,2
34,1064,34,0,",",0,0,_,",",False,3
34,1065,34,0,nor,0,0,_,nor,False,4
34,1066,34,0,unto,1,0,_,unto,False,5
34,1067,34,0,blackness,0,0,Color,blackness,False,6
34,1068,34,0,",",0,0,_,",",False,7
34,1069,34,0,and,0,0,_,and,False,8
34,1070,34,0,darkness,0,0,_,darkness,False,9
34,1071,34,0,",",0,0,_,",",False,10
34,1072,34,0,and,0,0,_,and,False,11
34,1073,34,0,tempest,0,0,_,tempest,False,12
34,1074,34,0,",",0,0,_,",",False,13
34,1075,34,0,and,0,0,_,and,False,14
34,1076,34,0,the,0,0,_,the,False,15
35,1077,35,0,",",0,0,_,",",False,-15
35,1078,35,0,and,0,0,_,and,False,-14
35,1079,35,0,the,0,0,_,the,False,-13
35,1080,35,0,false,0,0,_,false,False,-12
35,1081,35,0,prophet,0,0,_,prophet,False,-11
35,1082,35,0,",",0,0,_,",",False,-10
35,1083,35,0,will,0,0,_,will,False,-9
35,1084,35,0,have,1,0,Have_associated,have,False,-8
35,1085,35,0,their,0,0,_,their,False,-7
35,1086,35,0,portion,1,1,Part_whole,portion,False,-6
35,1087,35,0,together,0,0,Cause_to_amalgamate,together,False,-5
35,1088,35,0,in,0,0,Interior_profile_relation,in,False,-4
35,1089,35,0,the,0,0,_,the,False,-3
35,1090,35,0,lake,0,0,Natural_features,lake,False,-2
35,1091,35,0,that,0,0,_,that,False,-1
35,1092,35,0,burns,0,0,Fire_burning,burn,True,0
35,1093,35,0,with,1,0,_,with,False,1
35,1094,35,0,fire,0,0,_,fire,False,2
35,1095,35,0,",",0,0,_,",",False,3
35,1096,35,0,Revelation,0,0,_,revelation,False,4
35,1097,35,0,20:10,0,0,_,20:10,False,5
35,1098,35,0,the,0,0,_,the,False,6
35,1099,35,0,same,0,0,Identicality,same,False,7
35,1100,35,0,character,1,1,_,character,False,8
35,1101,35,0,as,0,0,_,as,False,9
35,1102,35,0,here,1,0,Temporal_collocation,here,False,10
35,1103,35,0,is,0,0,_,be,False,11
35,1104,35,0,given,1,0,Giving,give,False,12
35,1105,35,0,of,0,0,_,of,False,13
35,1106,35,0,Judas,0,0,_,Judas,False,14
35,1107,35,0,",",0,0,_,",",False,15
36,1108,36,0,",",0,0,_,",",False,-15
36,1109,36,0,an,0,0,_,an,False,-14
36,1110,36,0,offering,0,0,Giving,offer,False,-13
36,1111,36,0,made,1,0,_,make,False,-12
36,1112,36,0,by,0,0,_,by,False,-11
36,1113,36,0,fire,0,0,_,fire,False,-10
36,1114,36,0,unto,1,0,_,unto,False,-9
36,1115,36,0,the,0,0,_,the,False,-8
36,1116,36,0,Lord,0,0,_,Lord,False,-7
36,1117,36,0,:,0,0,_,:,False,-6
36,1118,36,0,for,0,0,Causation,for,False,-5
36,1119,36,0,these,1,0,_,these,False,-4
36,1120,36,0,lambs,0,0,_,lamb,False,-3
36,1121,36,0,were,0,0,_,be,False,-2
36,1122,36,0,both,0,0,Quantified_mass,both,False,-1
36,1123,36,0,burnt,0,0,Cause_harm,burn,True,0
36,1124,36,0,with,0,0,_,with,False,1
36,1125,36,0,fire,0,0,_,fire,False,2
36,1126,36,0,upon,0,0,Spatial_contact,upon,False,3
36,1127,36,0,the,0,0,_,the,False,4
36,1128,36,0,altar,0,0,Building_subparts,altar,False,5
36,1129,36,0,",",0,0,_,",",False,6
36,1130,36,0,and,0,0,_,and,False,7
36,1131,36,0,therefore,0,0,_,therefore,False,8
36,1132,36,0,are,0,0,_,be,False,9
36,1133,36,0,called,0,0,Labeling,call,False,10
36,1134,36,0,a,0,0,_,a,False,11
36,1135,36,0,burnt,0,0,Fire_burning,burn,True,12
36,1136,36,0,offering,0,0,Giving,offer,False,13
36,1137,36,0,in,0,0,Interior_profile_relation,in,False,14
36,1138,36,0,the,0,0,_,the,False,15
37,1139,37,0,of,0,0,Partitive,of,False,-15
37,1140,37,0,your,0,0,_,your,False,-14
37,1141,37,0,life,0,0,_,life,False,-13
37,1142,37,0,.,0,0,_,.,False,-12
37,1143,37,1,It,0,0,_,it,False,-11
37,1144,37,1,can,0,0,Possibility,can,False,-10
37,1145,37,1,only,0,0,_,only,False,-9
37,1146,37,1,contain,1,1,Containing,contain,False,-8
37,1147,37,1,as,0,0,_,as,False,-7
37,1148,37,1,much,0,0,_,much,False,-6
37,1149,37,1,love,0,0,_,love,False,-5
37,1150,37,1,as,0,0,_,as,False,-4
37,1151,37,1,it,0,0,_,it,False,-3
37,1152,37,1,has,0,0,_,have,False,-2
37,1153,37,1,been,0,0,_,be,False,-1
37,1154,37,1,burned,1,1,Cause_harm,burn,True,0
37,1155,37,1,with,1,0,_,with,False,1
37,1156,37,1,fire,1,0,_,fire,False,2
37,1157,37,1,and,0,0,_,and,False,3
37,1158,37,1,the,0,0,_,the,False,4
37,1159,37,1,passion,0,0,_,passion,False,5
37,1160,37,1,of,0,0,_,of,False,6
37,1161,37,1,that,1,0,_,that,False,7
37,1162,37,1,which,0,0,_,which,False,8
37,1163,37,1,has,0,0,_,have,False,9
37,1164,37,1,been,0,0,_,be,False,10
37,1165,37,1,your,0,0,_,your,False,11
37,1166,37,1,greatest,0,0,_,great,False,12
37,1167,37,1,pain,1,0,_,pain,False,13
37,1168,37,1,",",0,0,_,",",False,14
37,1169,37,1,and,0,0,_,and,False,15
38,1170,38,0,neither,0,0,_,neither,False,-15
38,1171,38,0,mollified,0,0,Experiencer_obj,mollify,False,-14
38,1172,38,0,with,0,0,_,with,False,-13
38,1173,38,0,ointment,0,0,_,ointment,False,-12
38,1174,38,0,.,0,0,_,.,False,-11
38,1175,38,1,Isa,0,0,_,Isa,False,-10
38,1176,38,1,1:7,0,0,_,1:7,False,-9
38,1177,38,1,Your,0,0,_,your,False,-8
38,1178,38,1,country,0,0,Political_locales,country,False,-7
38,1179,38,1,is,0,0,_,be,False,-6
38,1180,38,1,desolate,0,0,_,desolate,False,-5
38,1181,38,1,",",0,0,_,",",False,-4
38,1182,38,1,your,0,0,_,your,False,-3
38,1183,38,1,cities,0,0,Locale_by_use,city,False,-2
38,1184,38,1,are,0,0,_,be,False,-1
38,1185,38,1,burned,1,1,Fire_burning,burn,True,0
38,1186,38,1,with,1,0,_,with,False,1
38,1187,38,1,fire,1,0,Fire_burning,fire,False,2
38,1188,38,1,:,0,0,_,:,False,3
38,1189,38,1,your,0,0,_,your,False,4
38,1190,38,1,land,0,0,_,land,False,5
38,1191,38,1,",",0,0,_,",",False,6
38,1192,38,1,strangers,0,0,Indigenous_origin,stranger,False,7
38,1193,38,1,devour,1,1,Ingestion,devour,False,8
38,1194,38,1,it,0,0,_,it,False,9
38,1195,38,1,in,1,0,_,in,False,10
38,1196,38,1,your,0,0,_,your,False,11
38,1197,38,1,presence,0,0,Presence,presence,False,12
38,1198,38,1,",",0,0,_,",",False,13
38,1199,38,1,and,0,0,_,and,False,14
38,1200,38,1,it,0,0,_,it,False,15
39,1201,39,0,the,0,0,_,the,False,-14
39,1202,39,0,daughter,0,0,Kinship,daughter,False,-13
39,1203,39,0,of,0,0,_,of,False,-12
39,1204,39,0,a,0,0,_,a,False,-11
39,1205,39,0,priest,0,0,People_by_vocation,priest,False,-10
39,1206,39,0,found,1,0,Becoming_aware,find,False,-9
39,1207,39,0,to,0,0,_,to,False,-8
39,1208,39,0,be,0,0,_,be,False,-7
39,1209,39,0,a,0,0,_,a,False,-6
39,1210,39,0,harlot,0,0,_,harlot,False,-5
39,1211,39,0,was,0,0,_,be,False,-4
39,1212,39,0,to,0,0,_,to,False,-3
39,1213,39,0,``,0,0,_,`,False,-2
39,1214,39,0,be,0,0,_,be,False,-1
39,1215,39,0,burned,0,0,Cause_harm,burn,True,0
39,1216,39,0,with,0,0,_,with,False,1
39,1217,39,0,fire.,0,0,Fire_burning,fire,False,2
39,1218,39,0,``,0,0,_,`,False,3
39,1219,39,1,I,0,0,_,I,False,4
39,1220,39,1,believe,0,0,Certainty,believe,False,5
39,1221,39,1,this,1,0,_,this,False,6
39,1222,39,1,verse,0,0,_,verse,False,7
39,1223,39,1,was,0,0,_,be,False,8
39,1224,39,1,also,0,0,_,also,False,9
39,1225,39,1,used,0,0,Using,use,False,10
39,1226,39,1,to,0,0,_,to,False,11
39,1227,39,1,justify,0,0,Justifying,justify,False,12
39,1228,39,1,the,0,0,_,the,False,13
39,1229,39,1,burning,0,0,Fire_burning,burn,True,14
40,1230,40,0,is,0,0,_,be,False,-15
40,1231,40,0,idolatry,0,0,_,idolatry,False,-14
40,1232,40,0,),0,0,_,),False,-13
40,1233,40,0,#,0,0,_,#,False,-12
40,1234,40,0,all,0,0,Quantified_mass,all,False,-11
40,1235,40,0,liars,0,0,Mental_property,liar,False,-10
40,1236,40,0,#,0,0,_,#,False,-9
40,1237,40,0,their,0,0,_,their,False,-8
40,1238,40,0,portion,1,1,Part_whole,portion,False,-7
40,1239,40,0,will,0,0,_,will,False,-6
40,1240,40,0,be,0,0,_,be,False,-5
40,1241,40,0,in,0,0,Interior_profile_relation,in,False,-4
40,1242,40,0,the,0,0,_,the,False,-3
40,1243,40,0,lake,0,0,Natural_features,lake,False,-2
40,1244,40,0,that,0,0,_,that,False,-1
40,1245,40,0,burns,0,0,Fire_burning,burn,True,0
40,1246,40,0,with,1,0,_,with,False,1
40,1247,40,0,fire,0,0,Fire_burning,fire,False,2
40,1248,40,0,and,0,0,_,and,False,3
40,1249,40,0,sulfur,0,0,Substance,sulfur,False,4
40,1250,40,0,",",0,0,_,",",False,5
40,1251,40,0,which,0,0,_,which,False,6
40,1252,40,0,is,0,0,_,be,False,7
40,1253,40,0,the,0,0,_,the,False,8
40,1254,40,0,second,0,0,Ordinal_numbers,second,False,9
40,1255,40,0,death.,0,0,Death,death,False,10
40,1256,40,0,``,0,0,_,`,False,11
40,1257,40,1,#,0,0,_,#,False,12
40,1258,40,1,Revelations,0,0,_,revelation,False,13
40,1259,40,1,21:27,0,0,_,21:27,False,14
41,1260,41,0,day,0,0,Calendric_unit,day,False,-15
41,1261,41,0,",",0,0,_,",",False,-14
41,1262,41,0,death,0,0,Death,death,False,-13
41,1263,41,0,",",0,0,_,",",False,-12
41,1264,41,0,and,0,0,_,and,False,-11
41,1265,41,0,mourning,0,0,Emotion_directed,mourn,False,-10
41,1266,41,0,",",0,0,_,",",False,-9
41,1267,41,0,and,0,0,_,and,False,-8
41,1268,41,0,famine,0,0,Medical_conditions,famine,False,-7
41,1269,41,0,;,0,0,_,;,False,-6
41,1270,41,0,and,0,0,_,and,False,-5
41,1271,41,0,she,0,0,_,she,False,-4
41,1272,41,0,shall,0,0,_,shall,False,-3
41,1273,41,0,be,0,0,_,be,False,-2
41,1274,41,0,utterly,0,0,Degree,utterly,False,-1
41,1275,41,0,burned,0,0,Cause_harm,burn,True,0
41,1276,41,0,with,1,0,_,with,False,1
41,1277,41,0,fire,0,0,_,fire,False,2
41,1278,41,0,:,0,0,_,:,False,3
41,1279,41,0,for,0,0,Causation,for,False,4
41,1280,41,0,strong,1,1,Level_of_force_exertion,strong,False,5
41,1281,41,0,is,0,0,_,be,False,6
41,1282,41,0,the,0,0,_,the,False,7
41,1283,41,0,Lord,0,0,_,Lord,False,8
41,1284,41,0,God,0,0,_,God,False,9
41,1285,41,0,who,0,0,_,who,False,10
41,1286,41,0,judgeth,0,0,_,judgeth,False,11
41,1287,41,0,her,0,0,_,she,False,12
41,1288,41,0,.,0,0,_,.,False,13
41,1289,41,1,9,0,0,_,9,False,14
41,1290,41,1,And,0,0,_,and,False,15
42,1291,42,0,up,0,0,_,up,False,-15
42,1292,42,0,",",0,0,_,",",False,-14
42,1293,42,0,neither,0,0,_,neither,False,-13
42,1294,42,0,mollified,0,0,Experiencer_obj,mollify,False,-12
42,1295,42,0,with,0,0,_,with,False,-11
42,1296,42,0,ointment,0,0,Substance,ointment,False,-10
42,1297,42,0,.,0,0,_,.,False,-9
42,1298,42,1,Your,0,0,_,your,False,-8
42,1299,42,1,country,0,0,Political_locales,country,False,-7
42,1300,42,1,is,0,0,_,be,False,-6
42,1301,42,1,desolate,0,0,_,desolate,False,-5
42,1302,42,1,",",0,0,_,",",False,-4
42,1303,42,1,your,0,0,_,your,False,-3
42,1304,42,1,cities,0,0,Locale_by_use,city,False,-2
42,1305,42,1,are,0,0,_,be,False,-1
42,1306,42,1,burned,1,1,Fire_burning,burn,True,0
42,1307,42,1,with,1,0,_,with,False,1
42,1308,42,1,fire,1,0,Fire_burning,fire,False,2
42,1309,42,1,:,0,0,_,:,False,3
42,1310,42,1,your,0,0,_,your,False,4
42,1311,42,1,land,0,0,Political_locales,land,False,5
42,1312,42,1,",",0,0,_,",",False,6
42,1313,42,1,strangers,0,0,Indigenous_origin,stranger,False,7
42,1314,42,1,devour,1,1,Apply_heat,devour,False,8
42,1315,42,1,it,0,0,_,it,False,9
42,1316,42,1,in,1,0,_,in,False,10
42,1317,42,1,your,0,0,_,your,False,11
42,1318,42,1,presence,0,0,Presence,presence,False,12
42,1319,42,1,",",0,0,_,",",False,13
42,1320,42,1,and,0,0,_,and,False,14
42,1321,42,1,it,0,0,_,it,False,15
43,1322,43,0,priest,0,0,_,priest,False,-15
43,1323,43,0,who,0,0,_,who,False,-14
43,1324,43,0,profanes,0,0,_,profane,False,-13
43,1325,43,0,herself,0,0,_,herself,False,-12
43,1326,43,0,by,0,0,Means,by,False,-11
43,1327,43,0,playing,0,0,Performers_and_roles,play,False,-10
43,1328,43,0,the,0,0,_,the,False,-9
43,1329,43,0,harlot,0,0,_,harlot,False,-8
43,1330,43,0,",",0,0,_,",",False,-7
43,1331,43,0,profanes,0,0,_,profane,False,-6
43,1332,43,0,her,0,0,_,she,False,-5
43,1333,43,0,father,0,0,Kinship,father,False,-4
43,1334,43,0,and,0,0,_,and,False,-3
43,1335,43,0,shall,0,0,_,shall,False,-2
43,1336,43,0,be,0,0,_,be,False,-1
43,1337,43,0,burned,0,0,Cause_harm,burn,True,0
43,1338,43,0,with,1,0,_,with,False,1
43,1339,43,0,fire.,0,0,Fire_burning,fire,False,2
43,1340,43,0,``,0,0,_,`,False,3
43,1341,43,1,Magda,0,0,_,Magda,False,4
43,1342,43,1,Lovisa,0,0,_,lovisa,False,5
43,1343,43,1,Sj,0,0,_,Sj,False,6
43,1344,43,1,?,0,0,_,?,False,7
43,1345,43,2,berg,0,0,_,berg,False,8
43,1346,43,2,",",0,0,_,",",False,9
43,1347,43,2,1960,0,0,_,1960,False,10
43,1348,43,2,.,0,0,_,.,False,11
43,1349,43,3,Found,0,0,Locating,find,False,12
43,1350,43,3,in,0,0,_,in,False,13
43,1351,43,3,a,0,0,_,a,False,14
44,1352,44,0,",",0,0,_,",",False,-15
44,1353,44,0,it,0,0,_,it,False,-14
44,1354,44,0,sounded,0,0,Give_impression,sound,False,-13
44,1355,44,0,like,0,0,Similarity,like,False,-12
44,1356,44,0,a,0,0,_,a,False,-11
44,1357,44,0,machine,0,0,Gizmo,machine,False,-10
44,1358,44,0,in,1,0,Interior_profile_relation,in,False,-9
44,1359,44,0,my,0,0,_,my,False,-8
44,1360,44,0,head,0,0,Body_parts,head,False,-7
44,1361,44,0,",",0,0,_,",",False,-6
44,1362,44,0,and,0,0,_,and,False,-5
44,1363,44,0,my,0,0,_,my,False,-4
44,1364,44,0,eyes,0,0,Body_parts,eye,False,-3
44,1365,44,0,were,0,0,_,be,False,-2
44,1366,44,0,like,0,0,Similarity,like,False,-1
44,1367,44,0,burning,1,1,Fire_burning,burn,True,0
44,1368,44,0,with,1,0,_,with,False,1
44,1369,44,0,fire,0,0,_,fire,False,2
44,1370,44,0,.,0,0,_,.,False,3
44,1371,44,0,',0,0,_,',False,4
44,1372,44,1,#,0,0,_,#,False,5
44,1373,44,1,He,0,0,_,he,False,6
44,1374,44,1,is,0,0,_,be,False,7
44,1375,44,1,on,1,0,_,on,False,8
44,1376,44,1,the,0,0,_,the,False,9
44,1377,44,1,witness,0,0,_,witness,False,10
44,1378,44,1,list,0,0,_,list,False,11
44,1379,44,1,to,0,0,_,to,False,12
44,1380,44,1,testify,0,0,Reveal_secret,testify,False,13
44,1381,44,1,against,1,0,Taking_sides,against,False,14
44,1382,44,1,Duch,0,0,_,Duch,False,15
45,1383,45,0,mount,0,0,_,mount,False,-15
45,1384,45,0,up,0,0,_,up,False,-14
45,1385,45,0,.,0,0,_,.,False,-13
45,1386,45,1,Washed,0,0,Cause_harm,wash,False,-12
45,1387,45,1,with,0,0,_,with,False,-11
45,1388,45,1,cold,0,0,Ambient_temperature,cold,False,-10
45,1389,45,1,water,0,0,Substance,water,False,-9
45,1390,45,1,",",0,0,_,",",False,-8
45,1391,45,1,his,0,0,_,his,False,-7
45,1392,45,1,face,0,0,Body_parts,face,False,-6
45,1393,45,1,",",0,0,_,",",False,-5
45,1394,45,1,especially,0,0,_,especially,False,-4
45,1395,45,1,his,0,0,_,his,False,-3
45,1396,45,1,eyes,0,0,Body_parts,eye,False,-2
45,1397,45,1,",",0,0,_,",",False,-1
45,1398,45,1,burned,1,1,Fire_burning,burn,True,0
45,1399,45,1,with,1,0,_,with,False,1
45,1400,45,1,fire,1,0,_,fire,False,2
45,1401,45,1,",",0,0,_,",",False,3
45,1402,45,1,a,0,0,_,a,False,4
45,1403,45,1,chill,0,0,Ambient_temperature,chill,False,5
45,1404,45,1,ran,1,0,Self_motion,run,False,6
45,1405,45,1,down,1,0,Direction,down,False,7
45,1406,45,1,his,0,0,_,his,False,8
45,1407,45,1,spine,0,0,Body_parts,spine,False,9
45,1408,45,1,",",0,0,_,",",False,10
45,1409,45,1,and,0,0,_,and,False,11
45,1410,45,1,something,0,0,_,something,False,12
45,1411,45,1,trembled,0,0,Moving_in_place,tremble,False,13
45,1412,45,1,rapidly,0,0,Speed_description,rapidly,False,14
45,1413,45,1,and,0,0,_,and,False,15
46,1414,46,0,and,0,0,_,and,False,-15
46,1415,46,0,it,0,0,_,it,False,-14
46,1416,46,0,had,0,0,_,have,False,-13
46,1417,46,0,warmed,0,0,Temperature,warm,False,-12
46,1418,46,0,up,0,0,_,up,False,-11
46,1419,46,0,close,1,0,_,close,False,-10
46,1420,46,0,to,1,0,_,to,False,-9
46,1421,46,0,sixty,0,0,Cardinal_numbers,sixty,False,-8
46,1422,46,0,degrees,0,0,_,degree,False,-7
46,1423,46,0,outside,0,0,Part_inner_outer,outside,False,-6
46,1424,46,0,.,0,0,_,.,False,-5
46,1425,46,1,My,0,0,_,my,False,-4
46,1426,46,1,face,0,0,Body_parts,face,False,-3
46,1427,46,1,was,0,0,_,be,False,-2
46,1428,46,1,still,0,0,Continued_state_of_affairs,still,False,-1
46,1429,46,1,burning,1,0,Fire_burning,burn,True,0
46,1430,46,1,with,1,0,_,with,False,1
46,1431,46,1,fire,1,1,Fire_burning,fire,False,2
46,1432,46,1,even,0,0,_,even,False,3
46,1433,46,1,after,0,0,Time_vector,after,False,4
46,1434,46,1,I,0,0,_,I,False,5
46,1435,46,1,tried,0,0,Attempt,try,False,6
46,1436,46,1,washing,0,0,Manipulation,wash,False,7
46,1437,46,1,my,0,0,_,my,False,8
46,1438,46,1,eyes,0,0,Body_parts,eye,False,9
46,1439,46,1,in,0,0,Interior_profile_relation,in,False,10
46,1440,46,1,the,0,0,_,the,False,11
46,1441,46,1,bathroom,0,0,Building_subparts,bathroom,False,12
46,1442,46,1,sink,0,0,_,sink,False,13
46,1443,46,1,",",0,0,_,",",False,14
46,1444,46,1,sticking,0,0,_,stick,False,15
47,1445,47,0,gathered,0,0,Come_together,gather,False,-14
47,1446,47,0,around,0,0,Locative_relation,around,False,-13
47,1447,47,0,them.,0,0,_,they,False,-12
47,1448,47,0,``,0,0,_,`,False,-11
47,1449,47,1,Repent,0,0,Ratification,repent,False,-10
47,1450,47,1,",",0,0,_,",",False,-9
47,1451,47,1,repent,0,0,Judgment_direct_address,repent,False,-8
47,1452,47,1,",",0,0,_,",",False,-7
47,1453,47,1,ye,0,0,_,ye,False,-6
47,1454,47,1,wicked,0,0,Social_interaction_evaluation,wicked,False,-5
47,1455,47,1,witches,0,0,_,witch,False,-4
47,1456,47,1,.,0,0,_,.,False,-3
47,1457,47,2,Ye,0,0,_,ye,False,-2
47,1458,47,2,shall,0,0,_,shall,False,-1
47,1459,47,2,burn,0,0,Fire_burning,burn,True,0
47,1460,47,2,with,0,0,_,with,False,1
47,1461,47,2,fire,0,0,_,fire,False,2
47,1462,47,2,and,0,0,_,and,False,3
47,1463,47,2,brimstone,0,0,_,brimstone,False,4
47,1464,47,2,!,0,0,_,!,False,5
47,1465,47,2,``,0,0,_,`,False,6
47,1466,47,3,Sarah,0,0,_,Sarah,False,7
47,1467,47,3,English,0,0,_,english,False,8
47,1468,47,3,closed,0,0,Closure,close,False,9
47,1469,47,3,her,0,0,_,she,False,10
47,1470,47,3,book,0,0,Text,book,False,11
47,1471,47,3,with,1,0,_,with,False,12
47,1472,47,3,a,0,0,_,a,False,13
47,1473,47,3,snap,0,0,_,snap,False,14
47,1474,47,3,.,0,0,_,.,False,15
48,1475,48,0,",",0,0,_,",",False,-15
48,1476,48,0,idolaters,0,0,_,idolater,False,-14
48,1477,48,0,",",0,0,_,",",False,-13
48,1478,48,0,and,0,0,_,and,False,-12
48,1479,48,0,all,0,0,Quantified_mass,all,False,-11
48,1480,48,0,liars,0,0,Morality_evaluation,liar,False,-10
48,1481,48,0,...,0,0,_,...,False,-9
48,1482,48,0,their,0,0,_,their,False,-8
48,1483,48,0,lot,1,0,_,lot,False,-7
48,1484,48,0,shall,0,0,_,shall,False,-6
48,1485,48,0,be,0,0,_,be,False,-5
48,1486,48,0,in,0,0,Interior_profile_relation,in,False,-4
48,1487,48,0,the,0,0,_,the,False,-3
48,1488,48,0,lake,0,0,Natural_features,lake,False,-2
48,1489,48,0,that,0,0,_,that,False,-1
48,1490,48,0,burns,1,1,Fire_burning,burn,True,0
48,1491,48,0,with,1,0,_,with,False,1
48,1492,48,0,fire,1,0,Fire_burning,fire,False,2
48,1493,48,0,.,0,0,_,.,False,3
48,1494,48,0,',0,0,_,',False,4
48,1495,48,1,And,0,0,_,and,False,5
48,1496,48,1,he,0,0,_,he,False,6
48,1497,48,1,said,0,0,Statement,say,False,7
48,1498,48,1,to,1,0,_,to,False,8
48,1499,48,1,me,0,0,_,I,False,9
48,1500,48,1,",",0,0,_,",",False,10
48,1501,48,1,',0,0,_,',False,11
48,1502,48,1,Do,0,0,_,do,False,12
48,1503,48,1,not,0,0,_,not,False,13
48,1504,48,1,seal,0,0,_,seal,False,14
48,1505,48,1,up,0,0,_,up,False,15
49,1506,49,0,might,0,0,Likelihood,might,False,-15
49,1507,49,0,live,0,0,Residence,live,False,-14
49,1508,49,0,to,0,0,_,to,False,-13
49,1509,49,0,see,0,0,Perception_experience,see,False,-12
49,1510,49,0,``,0,0,_,`,False,-11
49,1511,49,0,the,0,0,_,the,False,-10
49,1512,49,0,Pope,0,0,Leadership,Pope,False,-9
49,1513,49,0,and,0,0,_,and,False,-8
49,1514,49,0,Mahomet,0,0,_,Mahomet,False,-7
49,1515,49,0,...,0,0,_,...,False,-6
49,1516,49,0,flung,0,0,Cause_motion,fling,False,-5
49,1517,49,0,into,0,0,Goal,into,False,-4
49,1518,49,0,the,0,0,_,the,False,-3
49,1519,49,0,Lake,0,0,Natural_features,lake,False,-2
49,1520,49,0,that,0,0,_,that,False,-1
49,1521,49,0,burns,0,0,Fire_burning,burn,True,0
49,1522,49,0,with,1,0,_,with,False,1
49,1523,49,0,Fire,0,0,Fire_burning,fire,False,2
49,1524,49,0,and,0,0,_,and,False,3
49,1525,49,0,Brimstone.,0,0,_,Brimstone,False,4
49,1526,49,0,``,0,0,_,`,False,5
49,1527,49,1,(,0,0,_,(,False,6
49,1528,49,1,n48,0,0,_,n48,False,7
49,1529,49,1,),0,0,_,),False,8
49,1530,49,1,Fox,0,0,_,Fox,False,9
49,1531,49,1,had,0,0,_,have,False,10
49,1532,49,1,argued,0,0,Reasoning,argue,False,11
49,1533,49,1,that,0,0,_,that,False,12
49,1534,49,1,Quakerism,0,0,_,quakerism,False,13
49,1535,49,1,had,0,0,_,have,False,14
50,1536,50,0,out,0,0,_,out,False,-15
50,1537,50,0,of,0,0,_,of,False,-14
50,1538,50,0,the,0,0,_,the,False,-13
50,1539,50,0,midst,0,0,Locative_relation,midst,False,-12
50,1540,50,0,of,0,0,_,of,False,-11
50,1541,50,0,a,0,0,_,a,False,-10
50,1542,50,0,bush,0,0,Biological_area,bush,False,-9
50,1543,50,0,:,0,0,_,:,False,-8
50,1544,50,0,and,0,0,_,and,False,-7
50,1545,50,0,he,0,0,_,he,False,-6
50,1546,50,0,looked,0,0,Perception_active,look,False,-5
50,1547,50,0,and,0,0,_,and,False,-4
50,1548,50,0,behold,0,0,Perception_active,behold,False,-3
50,1549,50,0,the,0,0,_,the,False,-2
50,1550,50,0,bush,0,0,Biological_area,bush,False,-1
50,1551,50,0,burned,0,0,Fire_burning,burn,True,0
50,1552,50,0,with,1,0,_,with,False,1
50,1553,50,0,fire,0,0,Fire_burning,fire,False,2
50,1554,50,0,",",0,0,_,",",False,3
50,1555,50,0,but,0,0,Concessive,but,False,4
50,1556,50,0,the,0,0,_,the,False,5
50,1557,50,0,bush,0,0,_,bush,False,6
50,1558,50,0,was,0,0,_,be,False,7
50,1559,50,0,not,0,0,_,not,False,8
50,1560,50,0,consumed,0,0,Ingestion,consume,False,9
50,1561,50,0,.,0,0,_,.,False,10
50,1562,50,1,And,0,0,_,and,False,11
50,1563,50,1,Moses,0,0,_,Moses,False,12
50,1564,50,1,said,0,0,Statement,say,False,13
50,1565,50,1,",",0,0,_,",",False,14
50,1566,50,1,``,0,0,_,`,False,15
51,1567,51,0,smarting,0,0,_,smart,False,-15
51,1568,51,0,with,0,0,_,with,False,-14
51,1569,51,0,blisters,0,0,Fire_burning,blister,False,-13
51,1570,51,0,",",0,0,_,",",False,-12
51,1571,51,0,and,0,0,_,and,False,-11
51,1572,51,0,literally,0,0,_,literally,False,-10
51,1573,51,0,speaking,0,0,Statement,speak,False,-9
51,1574,51,0,I,0,0,_,I,False,-8
51,1575,51,0,have,0,0,Have_associated,have,False,-7
51,1576,51,0,my,0,0,_,my,False,-6
51,1577,51,0,part,1,0,_,part,False,-5
51,1578,51,0,in,0,0,_,in,False,-4
51,1579,51,0,the,0,0,_,the,False,-3
51,1580,51,0,lake,0,0,Natural_features,lake,False,-2
51,1581,51,0,that,0,0,_,that,False,-1
51,1582,51,0,burns,0,0,Fire_burning,burn,True,0
51,1583,51,0,with,1,0,_,with,False,1
51,1584,51,0,fires,0,0,Fire_burning,fire,False,2
51,1585,51,0,and,0,0,_,and,False,3
51,1586,51,0,brimstone,0,0,_,brimstone,False,4
51,1587,51,0,",",0,0,_,",",False,5
51,1588,51,0,for,0,0,Causation,for,False,6
51,1589,51,0,I,0,0,_,I,False,7
51,1590,51,0,can,0,0,Capability,can,False,8
51,1591,51,0,compare,0,0,Evaluative_comparison,compare,False,9
51,1592,51,0,it,0,0,_,it,False,10
51,1593,51,0,to,1,0,_,to,False,11
51,1594,51,0,nothing,0,0,_,nothing,False,12
51,1595,51,0,else.5,0,0,_,else.5,False,13
51,1596,51,0,Blistering,0,0,_,blister,False,14
51,1597,51,0,was,0,0,_,be,False,15
52,1598,52,0,.,0,0,_,.,False,-15
52,1599,52,1,These,1,0,_,these,False,-14
52,1600,52,1,hips,0,0,Body_parts,hip,False,-13
52,1601,52,1,",",0,0,_,",",False,-12
52,1602,52,1,aaah,0,0,_,aaah,False,-11
52,1603,52,1,these,1,0,_,these,False,-10
52,1604,52,1,hips,0,0,Body_parts,hip,False,-9
52,1605,52,1,have,0,0,_,have,False,-8
52,1606,52,1,felt,1,0,Perception_experience,feel,False,-7
52,1607,52,1,tongue,1,1,Body_parts,tongue,False,-6
52,1608,52,1,tracks,1,1,_,track,False,-5
52,1609,52,1,of,0,0,_,of,False,-4
52,1610,52,1,love,0,0,Experiencer_focus,love,False,-3
52,1611,52,1,and,0,0,_,and,False,-2
52,1612,52,1,desire,0,0,Desiring,desire,False,-1
52,1613,52,1,burnt,1,1,Fire_burning,burn,True,0
52,1614,52,1,with,1,0,_,with,False,1
52,1615,52,1,fire,1,0,_,fire,False,2
52,1616,52,1,carry,1,1,Bringing,carry,False,3
52,1617,52,1,me,0,0,_,I,False,4
52,1618,52,1,high,1,0,Dimension,high,False,5
52,1619,52,1,.,0,0,_,.,False,6
52,1620,52,2,This,1,0,_,this,False,7
52,1621,52,2,body,0,0,Body_parts,body,False,8
52,1622,52,2,has,0,0,_,have,False,9
52,1623,52,2,grown,1,1,Expansion,grow,False,10
52,1624,52,2,large,0,0,Size,large,False,11
52,1625,52,2,to,0,0,_,to,False,12
52,1626,52,2,hold,1,0,Containing,hold,False,13
52,1627,52,2,the,0,0,_,the,False,14
52,1628,52,2,living,0,0,Dead_or_alive,live,False,15
53,1629,53,0,in,0,0,Interior_profile_relation,in,False,-15
53,1630,53,0,a,0,0,_,a,False,-14
53,1631,53,0,maritime,0,0,_,maritime,False,-13
53,1632,53,0,city,0,0,Political_locales,city,False,-12
53,1633,53,0,.,0,0,_,.,False,-11
53,1634,53,1,You,0,0,_,you,False,-10
53,1635,53,1,'ll,0,0,_,will,False,-9
53,1636,53,1,have,0,0,Possession,have,False,-8
53,1637,53,1,your,0,0,_,your,False,-7
53,1638,53,1,part,0,0,Performers_and_roles,part,False,-6
53,1639,53,1,in,0,0,_,in,False,-5
53,1640,53,1,the,0,0,_,the,False,-4
53,1641,53,1,lake,0,0,Natural_features,lake,False,-3
53,1642,53,1,...,0,0,_,...,False,-2
53,1643,53,1,which,0,0,_,which,False,-1
53,1644,53,1,burns,1,1,Fire_burning,burn,True,0
53,1645,53,1,with,1,0,_,with,False,1
53,1646,53,1,fire,1,0,_,fire,False,2
53,1647,53,1,...,0,0,_,...,False,3
53,1648,53,1,and,0,0,_,and,False,4
53,1649,53,1,brimstone,0,0,_,brimstone,False,5
53,1650,53,1,.,0,0,_,.,False,6
53,1651,53,2,I,0,0,_,I,False,7
53,1652,53,2,know,0,0,Awareness,know,False,8
53,1653,53,2,you,0,0,_,you,False,9
53,1654,53,2,like,0,0,Experiencer_focus,like,False,10
53,1655,53,2,it,0,0,_,it,False,11
53,1656,53,2,.,0,0,_,.,False,12
53,1657,53,3,I,0,0,_,I,False,13
53,1658,53,3,know,0,0,Awareness,know,False,14
53,1659,53,3,you,0,0,_,you,False,15
54,1660,54,0,in,0,0,Interior_profile_relation,in,False,-15
54,1661,54,0,a,0,0,_,a,False,-14
54,1662,54,0,maritime,0,0,_,maritime,False,-13
54,1663,54,0,city,0,0,Political_locales,city,False,-12
54,1664,54,0,.,0,0,_,.,False,-11
54,1665,54,1,You,0,0,_,you,False,-10
54,1666,54,1,'ll,0,0,_,will,False,-9
54,1667,54,1,have,0,0,Possession,have,False,-8
54,1668,54,1,your,0,0,_,your,False,-7
54,1669,54,1,part,0,0,Performers_and_roles,part,False,-6
54,1670,54,1,in,0,0,_,in,False,-5
54,1671,54,1,the,0,0,_,the,False,-4
54,1672,54,1,lake,0,0,Natural_features,lake,False,-3
54,1673,54,1,...,0,0,_,...,False,-2
54,1674,54,1,which,0,0,_,which,False,-1
54,1675,54,1,burns,1,1,Fire_burning,burn,True,0
54,1676,54,1,with,1,0,_,with,False,1
54,1677,54,1,fire,1,0,_,fire,False,2
54,1678,54,1,and,0,0,_,and,False,3
54,1679,54,1,brimstone,0,0,_,brimstone,False,4
54,1680,54,1,.,0,0,_,.,False,5
54,1681,54,2,That,1,0,_,that,False,6
54,1682,54,2,'s,0,0,_,be,False,7
54,1683,54,2,from,0,0,Origin,from,False,8
54,1684,54,2,Revelations,0,0,_,revelation,False,9
54,1685,54,2,.,0,0,_,.,False,10
54,1686,54,3,Death,0,0,Death,death,False,11
54,1687,54,3,and,0,0,_,and,False,12
54,1688,54,3,hell,1,1,_,hell,False,13
54,1689,54,3,were,0,0,_,be,False,14
54,1690,54,3,cast,1,1,_,cast,False,15
55,1691,55,0,",",0,0,_,",",False,-15
55,1692,55,0,sorcerers,0,0,People_by_vocation,sorcerer,False,-14
55,1693,55,0,",",0,0,_,",",False,-13
55,1694,55,0,idolators,0,0,_,idolator,False,-12
55,1695,55,0,And,0,0,_,and,False,-11
55,1696,55,0,all,0,0,Quantified_mass,all,False,-10
55,1697,55,0,liars,0,0,Morality_evaluation,liar,False,-9
55,1698,55,0,Their,0,0,_,their,False,-8
55,1699,55,0,lot,1,0,_,lot,False,-7
55,1700,55,0,shall,0,0,_,shall,False,-6
55,1701,55,0,be,0,0,_,be,False,-5
55,1702,55,0,in,0,0,Interior_profile_relation,in,False,-4
55,1703,55,0,the,0,0,_,the,False,-3
55,1704,55,0,lake,0,0,Natural_features,lake,False,-2
55,1705,55,0,That,0,0,_,that,False,-1
55,1706,55,0,burns,1,1,Fire_burning,burn,True,0
55,1707,55,0,with,1,0,_,with,False,1
55,1708,55,0,fire,1,0,_,fire,False,2
55,1709,55,0,and,0,0,_,and,False,3
55,1710,55,0,brimstone,0,0,_,brimstone,False,4
55,1711,55,0,``,0,0,_,`,False,5
55,1712,55,0,Do,0,0,_,do,False,6
55,1713,55,0,not,0,0,_,not,False,7
55,1714,55,0,seal,1,1,Closure,seal,False,8
55,1715,55,0,up,1,0,_,up,False,9
55,1716,55,0,the,0,0,_,the,False,10
55,1717,55,0,words,0,0,_,word,False,11
55,1718,55,0,of,0,0,_,of,False,12
55,1719,55,0,the,0,0,_,the,False,13
55,1720,55,0,prophecy,0,0,_,prophecy,False,14
55,1721,55,0,For,0,0,_,for,False,15
56,1722,56,0,vengeance,0,0,Revenge,vengeance,False,-14
56,1723,56,0,for,0,0,_,for,False,-13
56,1724,56,0,the,0,0,_,the,False,-12
56,1725,56,0,Lord,0,0,_,Lord,False,-11
56,1726,56,0,``,0,0,_,`,False,-10
56,1727,56,0,``,0,0,_,`,False,-9
56,1728,56,0,...,0,0,_,...,False,-8
56,1729,56,0,on,1,0,_,on,False,-7
56,1730,56,0,Midian.,0,0,_,Midian,False,-6
56,1731,56,0,``,0,0,_,`,False,-5
56,1732,56,1,``,0,0,_,`,False,-4
56,1733,56,1,And,0,0,_,and,False,-3
56,1734,56,1,so,0,0,_,so,False,-2
56,1735,56,1,they,0,0,_,they,False,-1
56,1736,56,1,burned,0,0,Fire_burning,burn,True,0
56,1737,56,1,with,0,0,_,with,False,1
56,1738,56,1,fire,0,0,Fire_burning,fire,False,2
56,1739,56,1,all,0,0,Quantified_mass,all,False,3
56,1740,56,1,the,0,0,_,the,False,4
56,1741,56,1,cities,0,0,Political_locales,city,False,5
56,1742,56,1,where,0,0,Locative_relation,where,False,6
56,1743,56,1,they,0,0,_,they,False,7
56,1744,56,1,dwelt,0,0,Residence,dwell,False,8
56,1745,56,1,``,0,0,_,`,False,9
56,1746,56,1,``,0,0,_,`,False,10
56,1747,56,1,and,0,0,_,and,False,11
56,1748,56,1,killed,0,0,Killing,kill,False,12
56,1749,56,1,the,0,0,_,the,False,13
56,1750,56,1,kings,0,0,Leadership,king,False,14
56,1751,56,1,of,0,0,_,of,False,15
57,1752,57,0,He,0,0,_,he,False,-15
57,1753,57,0,is,0,0,_,be,False,-14
57,1754,57,0,taking,0,0,Taking,take,False,-13
57,1755,57,0,my,0,0,_,my,False,-12
57,1756,57,0,nose,0,0,Body_parts,nose,False,-11
57,1757,57,0,and,0,0,_,and,False,-10
57,1758,57,0,pushing,0,0,Cause_motion,push,False,-9
57,1759,57,0,.,0,0,_,.,False,-8
57,1760,57,1,There,0,0,Existence,there,False,-7
57,1761,57,1,is,0,0,Existence,be,False,-6
57,1762,57,1,a,0,0,_,a,False,-5
57,1763,57,1,pain,0,0,_,pain,False,-4
57,1764,57,1,",",0,0,_,",",False,-3
57,1765,57,1,it,0,0,_,it,False,-2
57,1766,57,1,is,0,0,_,be,False,-1
57,1767,57,1,burning,1,1,Fire_burning,burn,True,0
57,1768,57,1,in,1,0,_,in,False,1
57,1769,57,1,fire,1,0,Fire_burning,fire,False,2
57,1770,57,1,but,0,0,Concessive,but,False,3
57,1771,57,1,I,0,0,_,I,False,4
57,1772,57,1,am,0,0,_,be,False,5
57,1773,57,1,not,0,0,_,not,False,6
57,1774,57,1,even,0,0,_,even,False,7
57,1775,57,1,one,0,0,Cardinal_numbers,one,False,8
57,1776,57,1,breath,0,0,Breathing,breath,False,9
57,1777,57,1,leaving,1,1,Departing,leave,False,10
57,1778,57,1,to,0,0,_,to,False,11
57,1779,57,1,escape,0,0,Avoiding,escape,False,12
57,1780,57,1,.,0,0,_,.,False,13
57,1781,57,2,I,0,0,_,I,False,14
57,1782,57,2,do,0,0,_,do,False,15
58,1783,58,0,are,0,0,_,be,False,-15
58,1784,58,0,retarded,0,0,_,retarded,False,-14
58,1785,58,0,and,0,0,_,and,False,-13
58,1786,58,0,your,0,0,_,your,False,-12
58,1787,58,0,soul,0,0,_,soul,False,-11
58,1788,58,0,shall,0,0,_,shall,False,-10
58,1789,58,0,be,0,0,_,be,False,-9
58,1790,58,0,damned,1,1,_,damn,False,-8
58,1791,58,0,for,0,0,_,for,False,-7
58,1792,58,0,all,0,0,_,all,False,-6
58,1793,58,0,of,0,0,_,of,False,-5
58,1794,58,0,eternity,0,0,_,eternity,False,-4
58,1795,58,0,and,0,0,_,and,False,-3
58,1796,58,0,it,0,0,_,it,False,-2
58,1797,58,0,shall,0,0,_,shall,False,-1
58,1798,58,0,burn,1,0,Fire_burning,burn,True,0
58,1799,58,0,in,1,0,_,in,False,1
58,1800,58,0,fire,0,0,_,fire,False,2
58,1801,58,0,and,0,0,_,and,False,3
58,1802,58,0,brimstone,0,0,_,brimstone,False,4
58,1803,58,0,and,0,0,_,and,False,5
58,1804,58,0,ash,0,0,_,ash,False,6
58,1805,58,0,while,0,0,Temporal_collocation,while,False,7
58,1806,58,0,I,0,0,_,I,False,8
58,1807,58,0,sit,0,0,Posture,sit,False,9
58,1808,58,0,pretty,0,0,_,pretty,False,10
58,1809,58,0,in,0,0,Interior_profile_relation,in,False,11
58,1810,58,0,paradise,0,0,_,paradise,False,12
58,1811,58,0,``,0,0,_,`,False,13
58,1812,58,0,I,0,0,_,I,False,14
58,1813,58,0,think,0,0,Cogitation,think,False,15
59,1814,59,0,crooks,0,0,People_by_vocation,crook,False,-15
59,1815,59,0,and,0,0,_,and,False,-14
59,1816,59,0,liars,0,0,Morality_evaluation,liar,False,-13
59,1817,59,0,and,0,0,_,and,False,-12
59,1818,59,0,cheats,0,0,_,cheat,False,-11
59,1819,59,0,and,0,0,_,and,False,-10
59,1820,59,0,miserable,0,0,Experiencer_focus,miserable,False,-9
59,1821,59,0,",",0,0,_,",",False,-8
59,1822,59,0,miserable,0,0,Experiencer_focus,miserable,False,-7
59,1823,59,0,people,0,0,People,people,False,-6
59,1824,59,0,.,0,0,_,.,False,-5
59,1825,59,1,I,0,0,_,I,False,-4
59,1826,59,1,want,0,0,Desiring,want,False,-3
59,1827,59,1,them,0,0,_,they,False,-2
59,1828,59,1,to,0,0,_,to,False,-1
59,1829,59,1,burn,0,0,Fire_burning,burn,True,0
59,1830,59,1,in,0,0,_,in,False,1
59,1831,59,1,fires,0,0,Fire_burning,fire,False,2
59,1832,59,1,of,0,0,_,of,False,3
59,1833,59,1,Hell,0,0,_,hell,False,4
59,1834,59,1,.,0,0,_,.,False,5
59,1835,59,2,I,0,0,_,I,False,6
59,1836,59,2,want,0,0,Desiring,want,False,7
59,1837,59,2,them,0,0,_,they,False,8
59,1838,59,2,infected,0,0,_,infect,False,9
59,1839,59,2,with,1,0,_,with,False,10
59,1840,59,2,diseases,0,0,Medical_conditions,disease,False,11
59,1841,59,2,so,0,0,_,so,False,12
59,1842,59,2,horrible,0,0,Desirability,horrible,False,13
59,1843,59,2,they,0,0,_,they,False,14
59,1844,59,2,have,1,0,_,have,False,15
60,1845,60,0,them,0,0,_,they,False,-15
60,1846,60,0,settle,1,0,_,settle,False,-14
60,1847,60,0,their,0,0,_,their,False,-13
60,1848,60,0,own,0,0,_,own,False,-12
60,1849,60,0,problems,0,0,Predicament,problem,False,-11
60,1850,60,0,.,0,0,_,.,False,-10
60,1851,60,1,Middle,0,0,Part_orientational,middle,False,-9
60,1852,60,1,east,0,0,Direction,east,False,-8
60,1853,60,1,is,0,0,_,be,False,-7
60,1854,60,1,a,0,0,_,a,False,-6
60,1855,60,1,hell,1,1,_,hell,False,-5
60,1856,60,1,hole,1,1,_,hole,False,-4
60,1857,60,1,and,0,0,_,and,False,-3
60,1858,60,1,will,0,0,_,will,False,-2
60,1859,60,1,keep,1,0,Activity_ongoing,keep,False,-1
60,1860,60,1,burning,1,1,Fire_burning,burn,True,0
60,1861,60,1,in,1,0,_,in,False,1
60,1862,60,1,fire,1,0,Fire_burning,fire,False,2
60,1863,60,1,for,0,0,_,for,False,3
60,1864,60,1,another,0,0,Increment,another,False,4
60,1865,60,1,100,0,0,Cardinal_numbers,100,False,5
60,1866,60,1,years,0,0,Measure_duration,year,False,6
60,1867,60,1,.,0,0,_,.,False,7
60,1868,60,2,We,0,0,_,we,False,8
60,1869,60,2,should,0,0,Desirable_event,should,False,9
60,1870,60,2,get,1,0,Getting,get,False,10
60,1871,60,2,self,0,0,_,self,False,11
60,1872,60,2,sufficient,0,0,_,sufficient,False,12
60,1873,60,2,in,1,0,_,in,False,13
60,1874,60,2,energy,0,0,Electricity,energy,False,14
60,1875,60,2,by,0,0,_,by,False,15
61,1876,61,0,if,0,0,_,if,False,-15
61,1877,61,0,the,0,0,_,the,False,-14
61,1878,61,0,US,0,0,_,US,False,-13
61,1879,61,0,continues,0,0,Activity_ongoing,continue,False,-12
61,1880,61,0,to,0,0,_,to,False,-11
61,1881,61,0,dry,0,0,Expansion,dry,False,-10
61,1882,61,0,out,0,0,_,out,False,-9
61,1883,61,0,",",0,0,_,",",False,-8
61,1884,61,0,there,0,0,Existence,there,False,-7
61,1885,61,0,will,0,0,_,will,False,-6
61,1886,61,0,be,0,0,Existence,be,False,-5
61,1887,61,0,a,0,0,Quantified_mass,a,False,-4
61,1888,61,0,lot,1,0,Quantified_mass,lot,False,-3
61,1889,61,0,more,0,0,Increment,more,False,-2
61,1890,61,0,acreage,0,0,Measure_area,acreage,False,-1
61,1891,61,0,burned,0,0,Fire_burning,burn,True,0
61,1892,61,0,in,0,0,_,in,False,1
61,1893,61,0,fires,0,0,Fire_burning,fire,False,2
61,1894,61,0,.,0,0,_,.,False,3
61,1895,61,1,#,0,0,_,#,False,4
61,1896,61,1,A,0,0,_,a,False,5
61,1897,61,1,note,1,0,_,note,False,6
61,1898,61,1,for,0,0,_,for,False,7
61,1899,61,1,the,0,0,_,the,False,8
61,1900,61,1,especially,0,0,_,especially,False,9
61,1901,61,1,statistically,0,0,_,statistically,False,10
61,1902,61,1,cautious,0,0,_,cautious,False,11
61,1903,61,1,or,0,0,_,or,False,12
61,1904,61,1,skeptical,0,0,Certainty,skeptical,False,13
61,1905,61,1,amongst,1,0,_,amongst,False,14
61,1906,61,1,you,0,0,_,you,False,15
62,1907,62,0,.,0,0,_,.,False,-15
62,1908,62,1,Hard,1,0,Difficulty,hard,False,-14
62,1909,62,1,to,0,0,_,to,False,-13
62,1910,62,1,say,0,0,Statement,say,False,-12
62,1911,62,1,.,0,0,_,.,False,-11
62,1912,62,2,Where,0,0,Locative_relation,where,False,-10
62,1913,62,2,'s,0,0,_,be,False,-9
62,1914,62,2,my,0,0,_,my,False,-8
62,1915,62,2,damn,0,0,_,damn,False,-7
62,1916,62,2,money,0,0,Money,money,False,-6
62,1917,62,2,?,0,0,_,?,False,-5
62,1918,62,3,Look,0,0,Perception_active,look,False,-4
62,1919,62,3,at,0,0,_,at,False,-3
62,1920,62,3,this,0,0,_,this,False,-2
62,1921,62,3,.,0,0,_,.,False,-1
62,1922,62,4,Burnt,0,0,Fire_burning,burn,True,0
62,1923,62,4,in,0,0,_,in,False,1
62,1924,62,4,fire,0,0,Fire_burning,fire,False,2
62,1925,62,4,.,0,0,_,.,False,3
62,1926,62,5,The,0,0,_,the,False,4
62,1927,62,5,helicopter,0,0,Vehicle,helicopter,False,5
62,1928,62,5,crashed,0,0,Impact,crash,False,6
62,1929,62,5,.,0,0,_,.,False,7
62,1930,62,6,They,0,0,_,they,False,8
62,1931,62,6,argued,0,0,Discussion,argue,False,9
62,1932,62,6,about,1,0,_,about,False,10
62,1933,62,6,the,0,0,_,the,False,11
62,1934,62,6,money,0,0,Money,money,False,12
62,1935,62,6,.,0,0,_,.,False,13
62,1936,62,7,And,0,0,_,and,False,14
62,1937,62,7,killed,0,0,Killing,kill,False,15
63,1938,63,0,.,0,0,_,.,False,-15
63,1939,63,1,Those,1,0,_,those,False,-14
63,1940,63,1,who,0,0,_,who,False,-13
63,1941,63,1,do,0,0,_,do,False,-12
63,1942,63,1,n't,0,0,_,not,False,-11
63,1943,63,1,dance,0,0,Self_motion,dance,False,-10
63,1944,63,1,and,0,0,_,and,False,-9
63,1945,63,1,do,0,0,_,do,False,-8
63,1946,63,1,n't,0,0,_,not,False,-7
63,1947,63,1,believe,0,0,Awareness,believe,False,-6
63,1948,63,1,will,0,0,_,will,False,-5
63,1949,63,1,turn,0,0,Becoming,turn,False,-4
63,1950,63,1,into,1,0,_,into,False,-3
63,1951,63,1,wood,0,0,_,wood,False,-2
63,1952,63,1,and,0,0,_,and,False,-1
63,1953,63,1,burn,0,0,Fire_burning,burn,True,0
63,1954,63,1,in,1,0,_,in,False,1
63,1955,63,1,fire,0,0,Fire_burning,fire,False,2
63,1956,63,1,.,0,0,_,.,False,3
63,1957,63,2,Warn,0,0,_,warn,False,4
63,1958,63,2,them,0,0,_,they,False,5
63,1959,63,2,!,0,0,_,!,False,6
63,1960,63,3,This,1,0,_,this,False,7
63,1961,63,3,may,0,0,Likelihood,may,False,8
63,1962,63,3,be,0,0,_,be,False,9
63,1963,63,3,the,0,0,_,the,False,10
63,1964,63,3,last,0,0,Ordinal_numbers,last,False,11
63,1965,63,3,chance,0,0,Likelihood,chance,False,12
63,1966,63,3,the,0,0,_,the,False,13
63,1967,63,3,Great,1,1,_,great,False,14
63,1968,63,3,Spirit,1,1,_,Spirit,False,15
64,1969,64,0,felt,1,0,Opinion,feel,False,-15
64,1970,64,0,it,0,0,_,it,False,-14
64,1971,64,0,was,0,0,_,be,False,-13
64,1972,64,0,my,0,0,_,my,False,-12
64,1973,64,0,fault,0,0,Judgment,fault,False,-11
64,1974,64,0,that,0,0,_,that,False,-10
64,1975,64,0,he,0,0,_,he,False,-9
64,1976,64,0,was,0,0,_,be,False,-8
64,1977,64,0,dead,0,0,Dead_or_alive,dead,False,-7
64,1978,64,0,",",0,0,_,",",False,-6
64,1979,64,0,and,0,0,_,and,False,-5
64,1980,64,0,I,0,0,_,I,False,-4
64,1981,64,0,thought,0,0,Awareness,think,False,-3
64,1982,64,0,of,0,0,_,of,False,-2
64,1983,64,0,him,0,0,_,he,False,-1
64,1984,64,0,burning,0,0,Fire_burning,burn,True,0
64,1985,64,0,in,1,0,_,in,False,1
64,1986,64,0,fire,0,0,Fire_burning,fire,False,2
64,1987,64,0,.,0,0,_,.,False,3
64,1988,64,1,Was,0,0,_,be,False,4
64,1989,64,1,he,0,0,_,he,False,5
64,1990,64,1,thinking,0,0,Awareness,think,False,6
64,1991,64,1,of,0,0,_,of,False,7
64,1992,64,1,me,0,0,_,I,False,8
64,1993,64,1,?,0,0,_,?,False,9
64,1994,64,2,Was,0,0,_,be,False,10
64,1995,64,2,he,0,0,_,he,False,11
64,1996,64,2,blaming,0,0,Judgment,blame,False,12
64,1997,64,2,me,0,0,_,I,False,13
64,1998,64,2,?,0,0,_,?,False,14
64,1999,64,3,Was,0,0,_,be,False,15
65,2000,65,0,bit,0,0,_,bit,False,-15
65,2001,65,0,ego-centered,0,0,_,ego,False,-14
65,2002,65,0,",",0,0,_,",",False,-13
65,2003,65,0,do,0,0,_,do,False,-12
65,2004,65,0,n't,0,0,_,not,False,-11
65,2005,65,0,you,0,0,_,you,False,-10
65,2006,65,0,think,0,0,Awareness,think,False,-9
65,2007,65,0,?,0,0,_,?,False,-8
65,2008,65,1,Those,1,0,_,those,False,-7
65,2009,65,1,that,0,0,_,that,False,-6
65,2010,65,1,deny,0,0,Affirm_or_deny,deny,False,-5
65,2011,65,1,Our,0,0,_,our,False,-4
65,2012,65,1,revelations,0,0,Reveal_secret,revelation,False,-3
65,2013,65,1,We,0,0,_,we,False,-2
65,2014,65,1,will,0,0,_,will,False,-1
65,2015,65,1,burn,0,0,Fire_burning,burn,True,0
65,2016,65,1,in,1,0,_,in,False,1
65,2017,65,1,fire,0,0,Fire_burning,fire,False,2
65,2018,65,1,.,0,0,_,.,False,3
65,2019,65,2,No,0,0,_,no,False,4
65,2020,65,2,sooner,0,0,Time_vector,soon,False,5
65,2021,65,2,will,0,0,_,will,False,6
65,2022,65,2,their,0,0,_,their,False,7
65,2023,65,2,skins,0,0,Clothing,skin,False,8
65,2024,65,2,be,0,0,_,be,False,9
65,2025,65,2,consumed,0,0,Ingestion,consume,False,10
65,2026,65,2,than,0,0,_,than,False,11
65,2027,65,2,We,0,0,_,we,False,12
65,2028,65,2,shall,0,0,_,shall,False,13
65,2029,65,2,give,0,0,Giving,give,False,14
65,2030,65,2,them,0,0,_,they,False,15
66,2031,66,0,Huron,0,0,_,Huron,False,-15
66,2032,66,0,down,0,0,Locative_relation,down,False,-14
66,2033,66,0,paths,0,0,Roadways,path,False,-13
66,2034,66,0,that,0,0,_,that,False,-12
66,2035,66,0,make,1,0,Causation,make,False,-11
66,2036,66,0,us,0,0,_,we,False,-10
66,2037,66,0,not,0,0,_,not,False,-9
66,2038,66,0,Hurons,0,0,_,huron,False,-8
66,2039,66,0,.,0,0,_,.,False,-7
66,2040,66,1,(,0,0,_,(,False,-6
66,2041,66,1,the,0,0,_,the,False,-5
66,2042,66,1,judgment,0,0,Assessing,judgment,False,-4
66,2043,66,1,),0,0,_,),False,-3
66,2044,66,1,Dark,1,1,Measurable_attributes,dark,False,-2
66,2045,66,1,girl,0,0,People,girl,False,-1
66,2046,66,1,burn,1,1,Fire_burning,burn,True,0
66,2047,66,1,in,1,0,_,in,False,1
66,2048,66,1,fire,1,0,Fire_burning,fire,False,2
66,2049,66,1,to,0,0,_,to,False,3
66,2050,66,1,heal,1,1,Cure,heal,False,4
66,2051,66,1,the,0,0,_,the,False,5
66,2052,66,1,twisted,1,1,_,twisted,False,6
66,2053,66,1,heart,1,0,_,heart,False,7
66,2054,66,1,of,0,0,_,of,False,8
66,2055,66,1,Magua,0,0,_,magua,False,9
66,2056,66,1,.,0,0,_,.,False,10
66,2057,66,2,Cora,0,0,_,Cora,False,11
66,2058,66,2,",",0,0,_,",",False,12
66,2059,66,2,hearing,0,0,Perception_experience,hear,False,13
66,2060,66,2,the,0,0,_,the,False,14
66,2061,66,2,sentence,0,0,Revenge,sentence,False,15
67,2062,67,0,you.,0,0,_,you,False,-14
67,2063,67,0,``,0,0,_,`,False,-13
67,2064,67,1,He,0,0,_,he,False,-12
67,2065,67,1,asked,0,0,Questioning,ask,False,-11
67,2066,67,1,",",0,0,_,",",False,-10
67,2067,67,1,``,0,0,_,`,False,-9
67,2068,67,1,I,0,0,_,I,False,-8
67,2069,67,1,thought,0,0,Awareness,think,False,-7
67,2070,67,1,you,0,0,_,you,False,-6
67,2071,67,1,'ll,0,0,_,will,False,-5
67,2072,67,1,was,0,0,_,be,False,-4
67,2073,67,1,supposed,0,0,_,suppose,False,-3
67,2074,67,1,to,0,0,_,to,False,-2
67,2075,67,1,be,0,0,_,be,False,-1
67,2076,67,1,burning,0,0,Fire_burning,burn,True,0
67,2077,67,1,in,1,0,_,in,False,1
67,2078,67,1,fire.,0,0,Fire_burning,fire,False,2
67,2079,67,1,``,0,0,_,`,False,3
67,2080,67,2,Someone,0,0,_,someone,False,4
67,2081,67,2,said,0,0,Statement,say,False,5
67,2082,67,2,",",0,0,_,",",False,6
67,2083,67,2,``,0,0,_,`,False,7
67,2084,67,2,Man,0,0,People,man,False,8
67,2085,67,2,",",0,0,_,",",False,9
67,2086,67,2,ai,0,0,_,ai,False,10
67,2087,67,2,n't,0,0,_,not,False,11
67,2088,67,2,no,0,0,_,no,False,12
67,2089,67,2,fire,0,0,Fire_burning,fire,False,13
67,2090,67,2,down,1,0,_,down,False,14
68,2091,68,0,remains,0,0,Remainder,remain,False,-15
68,2092,68,0,of,0,0,_,of,False,-14
68,2093,68,0,nine,0,0,Cardinal_numbers,nine,False,-13
68,2094,68,0,individuals,0,0,People,individual,False,-12
68,2095,68,0,were,0,0,_,be,False,-11
68,2096,68,0,found,0,0,Becoming_aware,find,False,-10
68,2097,68,0,inside,0,0,Interior_profile_relation,inside,False,-9
68,2098,68,0,this,1,0,_,this,False,-8
68,2099,68,0,dwelling,0,0,Buildings,dwell,False,-7
68,2100,68,0,",",0,0,_,",",False,-6
68,2101,68,0,two,0,0,Cardinal_numbers,two,False,-5
68,2102,68,0,of,0,0,_,of,False,-4
68,2103,68,0,which,0,0,_,which,False,-3
68,2104,68,0,were,0,0,_,be,False,-2
68,2105,68,0,partially,0,0,_,partially,False,-1
68,2106,68,0,burnt,0,0,Fire_burning,burn,True,0
68,2107,68,0,by,0,0,_,by,False,1
68,2108,68,0,fire,0,0,Fire_burning,fire,False,2
68,2109,68,0,.,0,0,_,.,False,3
68,2110,68,1,It,0,0,_,it,False,4
68,2111,68,1,appears,0,0,Give_impression,appear,False,5
68,2112,68,1,as,0,0,_,as,False,6
68,2113,68,1,if,0,0,_,if,False,7
68,2114,68,1,the,0,0,_,the,False,8
68,2115,68,1,attackers,0,0,Attack,attacker,False,9
68,2116,68,1,tried,0,0,Attempt,try,False,10
68,2117,68,1,",",0,0,_,",",False,11
68,2118,68,1,unsuccessfully,0,0,_,unsuccessfully,False,12
68,2119,68,1,",",0,0,_,",",False,13
68,2120,68,1,to,0,0,_,to,False,14
68,2121,68,1,burn,0,0,Fire_burning,burn,True,15
69,2122,69,0,Mitigation,0,0,Protecting,mitigation,False,-15
69,2123,69,0,and,0,0,_,and,False,-14
69,2124,69,0,future,0,0,Temporal_collocation,future,False,-13
69,2125,69,0,research,0,0,Research,research,False,-12
69,2126,69,0,#,0,0,_,#,False,-11
69,2127,69,0,There,0,0,Existence,there,False,-10
69,2128,69,0,are,0,0,Existence,be,False,-9
69,2129,69,0,ways,0,0,Means,way,False,-8
69,2130,69,0,to,0,0,_,to,False,-7
69,2131,69,0,mitigate,0,0,_,mitigate,False,-6
69,2132,69,0,the,0,0,_,the,False,-5
69,2133,69,0,threat,0,0,Risky_situation,threat,False,-4
69,2134,69,0,of,0,0,_,of,False,-3
69,2135,69,0,increased,0,0,Change_position_on_a_scale,increase,False,-2
69,2136,69,0,area,0,0,Locale,area,False,-1
69,2137,69,0,burned,0,0,Fire_burning,burn,True,0
69,2138,69,0,by,0,0,_,by,False,1
69,2139,69,0,fires,0,0,Fire_burning,fire,False,2
69,2140,69,0,",",0,0,_,",",False,3
69,2141,69,0,such,0,0,_,such,False,4
69,2142,69,0,as,0,0,_,as,False,5
69,2143,69,0,planned,0,0,_,plan,False,6
69,2144,69,0,and,0,0,_,and,False,7
69,2145,69,0,controlled,0,0,Being_in_control,control,False,8
69,2146,69,0,fires,0,0,Fire_burning,fire,False,9
69,2147,69,0,and,0,0,_,and,False,10
69,2148,69,0,forest,0,0,Biological_area,forest,False,11
69,2149,69,0,thinning,0,0,Expansion,thin,False,12
69,2150,69,0,.,0,0,_,.,False,13
69,2151,69,1,#,0,0,_,#,False,14
69,2152,69,1,Both,0,0,_,both,False,15
70,2153,70,0,told,0,0,Telling,tell,False,-15
70,2154,70,0,him,0,0,_,he,False,-14
70,2155,70,0,to,0,0,_,to,False,-13
70,2156,70,0,accept,0,0,Receiving,accept,False,-12
70,2157,70,0,a,0,0,_,a,False,-11
70,2158,70,0,gift,0,0,Giving,gift,False,-10
70,2159,70,0,from,0,0,_,from,False,-9
70,2160,70,0,a,0,0,_,a,False,-8
70,2161,70,0,woman,0,0,People,woman,False,-7
70,2162,70,0,",",0,0,_,",",False,-6
70,2163,70,0,but,0,0,_,but,False,-5
70,2164,70,0,since,0,0,Causation,since,False,-4
70,2165,70,0,he,0,0,_,he,False,-3
70,2166,70,0,was,0,0,_,be,False,-2
70,2167,70,0,``,0,0,_,`,False,-1
70,2168,70,0,burnt,0,0,Cause_harm,burn,True,0
70,2169,70,0,by,0,0,_,by,False,1
70,2170,70,0,fire,0,0,Fire_burning,fire,False,2
70,2171,70,0,``,0,0,_,`,False,3
70,2172,70,0,the,0,0,_,the,False,4
70,2173,70,0,following,1,0,Relative_time,follow,False,5
70,2174,70,0,night,0,0,Calendric_unit,night,False,6
70,2175,70,0,",",0,0,_,",",False,7
70,2176,70,0,he,0,0,_,he,False,8
70,2177,70,0,immediately,0,0,_,immediately,False,9
70,2178,70,0,gave,0,0,Giving,give,False,10
70,2179,70,0,back,0,0,_,back,False,11
70,2180,70,0,the,0,0,_,the,False,12
70,2181,70,0,present,0,0,_,present,False,13
70,2182,70,0,after,1,0,Relative_time,after,False,14
70,2183,70,0,lauds.107,0,0,_,lauds.107,False,15
71,2184,71,0,an,0,0,_,an,False,-14
71,2185,71,0,intense,0,0,_,intense,False,-13
71,2186,71,0,fire,0,0,Fire_burning,fire,False,-12
71,2187,71,0,",",0,0,_,",",False,-11
71,2188,71,0,flames,0,0,Fire_burning,flame,False,-10
71,2189,71,0,ate,1,1,Taking,eat,False,-9
71,2190,71,0,away,1,0,_,away,False,-8
71,2191,71,0,the,0,0,_,the,False,-7
71,2192,71,0,hands,0,0,Body_parts,hand,False,-6
71,2193,71,0,and,0,0,_,and,False,-5
71,2194,71,0,feet,0,0,Body_parts,foot,False,-4
71,2195,71,0,first.,0,0,First_experience,first,False,-3
71,2196,71,0,``,0,0,_,`,False,-2
71,2197,71,1,Extremities,0,0,_,extremity,False,-1
71,2198,71,1,burned,0,0,Fire_burning,burn,True,0
71,2199,71,1,by,0,0,_,by,False,1
71,2200,71,1,fire,0,0,Fire_burning,fire,False,2
71,2201,71,1,?,0,0,_,?,False,3
71,2202,71,1,``,0,0,_,`,False,4
71,2203,71,2,#,0,0,_,#,False,5
71,2204,71,2,``,0,0,_,`,False,6
71,2205,71,2,Dismembered,0,0,Respond_to_proposal,dismember,False,7
71,2206,71,2,.,0,0,_,.,False,8
71,2207,71,3,Bone,0,0,_,bone,False,9
71,2208,71,3,cuts,0,0,Cause_harm,cut,False,10
71,2209,71,3,are,0,0,_,be,False,11
71,2210,71,3,clean,1,0,_,clean,False,12
71,2211,71,3,and,0,0,_,and,False,13
71,2212,71,3,precise,0,0,_,precise,False,14
71,2213,71,3,.,0,0,_,.,False,15
72,2214,72,0,you,0,0,_,you,False,-15
72,2215,72,0,?,0,0,_,?,False,-14
72,2216,72,1,Again,0,0,_,again,False,-13
72,2217,72,1,",",0,0,_,",",False,-12
72,2218,72,1,it,0,0,_,it,False,-11
72,2219,72,1,sounds,0,0,Give_impression,sound,False,-10
72,2220,72,1,simple,0,0,_,simple,False,-9
72,2221,72,1,",",0,0,_,",",False,-8
72,2222,72,1,but,0,0,Concessive,but,False,-7
72,2223,72,1,it,0,0,_,it,False,-6
72,2224,72,1,'s,0,0,_,be,False,-5
72,2225,72,1,deceptively,0,0,_,deceptively,False,-4
72,2226,72,1,complicated,0,0,_,complicated,False,-3
72,2227,72,1,.,0,0,_,.,False,-2
72,2228,72,2,Getting,0,0,Transition_to_state,get,False,-1
72,2229,72,2,burned,0,0,Fire_burning,burn,True,0
72,2230,72,2,by,0,0,_,by,False,1
72,2231,72,2,fire,0,0,Fire_burning,fire,False,2
72,2232,72,2,is,0,0,_,be,False,3
72,2233,72,2,energy,0,0,Electricity,energy,False,4
72,2234,72,2,transfer,1,1,Transfer,transfer,False,5
72,2235,72,2,on,1,0,_,on,False,6
72,2236,72,2,a,0,0,Quantified_mass,a,False,7
72,2237,72,2,few,0,0,Quantified_mass,few,False,8
72,2238,72,2,scales,1,1,_,scale,False,9
72,2239,72,2,.,0,0,_,.,False,10
72,2240,72,3,Heat,0,0,_,heat,False,11
72,2241,72,3,can,0,0,Capability,can,False,12
72,2242,72,3,enter,0,0,Arriving,enter,False,13
72,2243,72,3,your,0,0,_,your,False,14
72,2244,72,3,skin,0,0,Body_parts,skin,False,15
73,2245,73,0,#,0,0,_,#,False,-15
73,2246,73,0,Forests,0,0,Weather,forest,False,-14
73,2247,73,0,-,0,0,_,-,False,-13
73,2248,73,0,Due,0,0,Causation,due,False,-12
73,2249,73,0,to,0,0,Causation,to,False,-11
73,2250,73,0,increased,0,0,Change_position_on_a_scale,increase,False,-10
73,2251,73,0,summer,0,0,Calendric_unit,summer,False,-9
73,2252,73,0,temperature,0,0,Ambient_temperature,temperature,False,-8
73,2253,73,0,and,0,0,_,and,False,-7
73,2254,73,0,decreased,0,0,Change_position_on_a_scale,decrease,False,-6
73,2255,73,0,summer,0,0,Calendric_unit,summer,False,-5
73,2256,73,0,precipitation,0,0,_,precipitation,False,-4
73,2257,73,0,",",0,0,_,",",False,-3
73,2258,73,0,the,0,0,_,the,False,-2
73,2259,73,0,area,0,0,Locale,area,False,-1
73,2260,73,0,burned,0,0,Fire_burning,burn,True,0
73,2261,73,0,by,0,0,Means,by,False,1
73,2262,73,0,fire,0,0,Fire_burning,fire,False,2
73,2263,73,0,regionally,0,0,Locale,regionally,False,3
73,2264,73,0,is,0,0,_,be,False,4
73,2265,73,0,projected,0,0,Estimating,project,False,5
73,2266,73,0,to,0,0,_,to,False,6
73,2267,73,0,double,0,0,Change_position_on_a_scale,double,False,7
73,2268,73,0,by,0,0,_,by,False,8
73,2269,73,0,the,0,0,_,the,False,9
73,2270,73,0,2040s,0,0,_,2040s,False,10
73,2271,73,0,and,0,0,_,and,False,11
73,2272,73,0,triple,0,0,Change_position_on_a_scale,triple,False,12
73,2273,73,0,by,0,0,_,by,False,13
73,2274,73,0,the,0,0,_,the,False,14
73,2275,73,0,2080s,0,0,_,2080s,False,15
74,2276,74,0,one,0,0,Cardinal_numbers,one,False,-15
74,2277,74,0,hand,0,0,Body_parts,hand,False,-14
74,2278,74,0,on,0,0,Spatial_contact,on,False,-13
74,2279,74,0,his,0,0,_,his,False,-12
74,2280,74,0,heart,0,0,Body_parts,heart,False,-11
74,2281,74,0,and,0,0,_,and,False,-10
74,2282,74,0,the,0,0,_,the,False,-9
74,2283,74,0,other,0,0,Increment,other,False,-8
74,2284,74,0,on,0,0,Spatial_contact,on,False,-7
74,2285,74,0,mine,0,0,_,mine,False,-6
74,2286,74,0,",",0,0,_,",",False,-5
74,2287,74,0,``,0,0,_,`,False,-4
74,2288,74,0,ca,0,0,_,can,False,-3
74,2289,74,0,n't,0,0,_,not,False,-2
74,2290,74,0,be,0,0,_,be,False,-1
74,2291,74,0,burned,0,0,Fire_burning,burn,True,0
74,2292,74,0,by,0,0,_,by,False,1
74,2293,74,0,fire,0,0,Fire_burning,fire,False,2
74,2294,74,0,",",0,0,_,",",False,3
74,2295,74,0,washed,0,0,Removing,wash,False,4
74,2296,74,0,away,0,0,_,away,False,5
74,2297,74,0,by,0,0,_,by,False,6
74,2298,74,0,water,0,0,Substance,water,False,7
74,2299,74,0,",",0,0,_,",",False,8
74,2300,74,0,or,0,0,_,or,False,9
74,2301,74,0,destroyed,0,0,Destroying,destroy,False,10
74,2302,74,0,with,0,0,_,with,False,11
74,2303,74,0,human,0,0,People,human,False,12
74,2304,74,0,hands.,0,0,Body_parts,hand,False,13
74,2305,74,0,``,0,0,_,`,False,14
75,2306,75,0,the,0,0,_,the,False,-15
75,2307,75,0,last,0,0,Ordinal_numbers,last,False,-14
75,2308,75,0,place,0,0,Locale,place,False,-13
75,2309,75,0,I,0,0,_,I,False,-12
75,2310,75,0,wanted,0,0,Desiring,want,False,-11
75,2311,75,0,to,0,0,_,to,False,-10
75,2312,75,0,go,0,0,Motion,go,False,-9
75,2313,75,0,--,0,0,_,--,False,-8
75,2314,75,0,an,0,0,_,an,False,-7
75,2315,75,0,eternal,0,0,_,eternal,False,-6
75,2316,75,0,home,1,0,Buildings,home,False,-5
75,2317,75,0,where,0,0,Locative_relation,where,False,-4
75,2318,75,0,one,0,0,_,one,False,-3
75,2319,75,0,is,0,0,_,be,False,-2
75,2320,75,0,constantly,0,0,Frequency,constantly,False,-1
75,2321,75,0,burned,0,0,Fire_burning,burn,True,0
75,2322,75,0,by,0,0,_,by,False,1
75,2323,75,0,fires,0,0,Fire_burning,fire,False,2
75,2324,75,0,seventy,0,0,Cardinal_numbers,seventy,False,3
75,2325,75,0,times,0,0,_,time,False,4
75,2326,75,0,as,0,0,_,as,False,5
75,2327,75,0,hot,0,0,Ambient_temperature,hot,False,6
75,2328,75,0,as,0,0,_,as,False,7
75,2329,75,0,the,0,0,_,the,False,8
75,2330,75,0,flames,0,0,Fire_burning,flame,False,9
75,2331,75,0,of,0,0,_,of,False,10
75,2332,75,0,the,0,0,_,the,False,11
75,2333,75,0,earth,0,0,_,earth,False,12
75,2334,75,0,",",0,0,_,",",False,13
75,2335,75,0,where,0,0,Locative_relation,where,False,14
75,2336,75,0,puss,0,0,_,puss,False,15
76,2337,76,0,fail,0,0,Successful_action,fail,False,-15
76,2338,76,0,last,0,0,Relative_time,last,False,-14
76,2339,76,0,spring,0,0,Calendric_unit,spring,False,-13
76,2340,76,0,in,0,0,Interior_profile_relation,in,False,-12
76,2341,76,0,North,0,0,_,north,False,-11
76,2342,76,0,Dakota,0,0,_,Dakota,False,-10
76,2343,76,0,while,0,0,Temporal_collocation,while,False,-9
76,2344,76,0,beset,1,1,Abounding_with,beset,False,-8
76,2345,76,0,with,0,0,_,with,False,-7
76,2346,76,0,ice,0,0,_,ice,False,-6
76,2347,76,0,",",0,0,_,",",False,-5
76,2348,76,0,battered,1,1,Cause_harm,batter,False,-4
76,2349,76,0,by,0,0,_,by,False,-3
76,2350,76,0,floods,0,0,_,flood,False,-2
76,2351,76,0,and,0,0,_,and,False,-1
76,2352,76,0,burned,0,0,Fire_burning,burn,True,0
76,2353,76,0,by,0,0,_,by,False,1
76,2354,76,0,fire,0,0,Fire_burning,fire,False,2
76,2355,76,0,",",0,0,_,",",False,3
76,2356,76,0,Tuesday,0,0,Calendric_unit,Tuesday,False,4
76,2357,76,0,bested,1,1,_,best,False,5
76,2358,76,0,a,0,0,_,a,False,6
76,2359,76,0,nationwide,0,0,_,nationwide,False,7
76,2360,76,0,field,1,1,_,field,False,8
76,2361,76,0,of,0,0,_,of,False,9
76,2362,76,0,newspapers,0,0,Text,newspaper,False,10
76,2363,76,0,to,0,0,_,to,False,11
76,2364,76,0,win,0,0,Finish_competition,win,False,12
76,2365,76,0,journalism,0,0,_,journalism,False,13
76,2366,76,0,'s,0,0,_,be,False,14
76,2367,76,0,greatest,1,1,Desirability,great,False,15
