source,target,index,year,genre,source,,,,text,,,,,,,,,,,,,,,,,target,count
burn,anger,19,1991,ACAD,Symposium,,,,"a meaning to this manifestation. I turned to the Polish violinist, who was burning with anger, and I said to him, laughing: # "" What happiness",,,,,,,,,,,,,,,,,,
burn,desire,13,1997,ACAD,HispanicRev,,,,"male) lover rather than the (female) beloved. It is she who burns with desire for her lover, and it is her love that goes unrequited.",,,,,,,,,,,,,,,,,,
burn,desire,14,1996,ACAD,AmerIndianQ,,,,by Pueblos for whom making such knowledge public was a sacrilege or by white folks burning with desire to know sacred secrets. The result was that only we scholars with,,,,,,,,,,,,,,,,,,
burn,desire,16,1995,ACAD,Symposium,,,,"at the same time requires his sperm: a "" famished stomach, a belly burning with desire, a hollow and lazy thing that draws on masculine strength, devouring",,,,,,,,,,,,,,,,,,
burn,passion,3,2012,ACAD,JournalAmerican,,,,"? - and did the dust Of these fair solitudes once stir with life And burn with passion? Let the mighty mounds That overlook the rivers, or that rise",,,,,,,,,,,,,,,,,,
burn,passion,13,1992,ACAD,Symposium,,,,"opportunity to chat "" woman to woman. "" When Lucrece confesses that she is burning with passion, Dona Anna expresses in an aside her shock at a lady using",,,,,,,,,,,,,,,,,,
burn,love,1,2019,ACAD,Scandinavian Studies,,,,"heart of the knight, causing such severe distress that his entire mind and heart burn in love's fire through the affliction of his heart. Here, as in",,,,,,,,,,,,,,,,,,
burn,love,3,1997,ACAD,ArabStudies,,,,Eye of the Sun (Tr. Desmond Stewart) and I am Born and Burnt in Love; Lament for the June Sun; Love under the Rain (Tr,,,,,,,,,,,,,,,,,,
burn,love,4,1997,ACAD,ArabStudies,,,,"80-82. rpt. in AK: 109-111. # --. "" I am Born and Burnt in Love. "" Tr. G. Masri. UR (Autumn 1979):",,,,,,,,,,,,,,,,,,
burn,love,5,1997,ACAD,ArabStudies,,,,(Tr. Desmond Stewart) Love under the Rain; I am Born and Burnt in Love (Tr. George Masri); Lament for the June Sun.,,,,,,,,,,,,,,,,,,
burn,zeal,1,2018,ACAD,Church History,,,,who possesses an incredible gift of “ boundless Divine Monition and Prophecy ” and who burns with zeal to share it with the whole world.69 He then proceeds to impart some,,,,,,,,,,,,,,,,,,
burn,lust,2,1990,ACAD,ArabStudies,,,,"Discipline makes them strangers to women: for want of conversation with them, they burn in lust one towards another. # This passion is not only among the young",,,,,,,,,,,,,,,,,,
burn,nervousness,1,2009,ACAD,Writer,,,,"When you' re feeling anxious, getting up out of your chair can literally burn off nervousness. Writers have busy brains, and it' s easy to over",,,,,,,,,,,,,,,,,,
burn,courage,1,2018,ACAD,...Asian Journal of Popular Culture,,,,"who falls from the sky and they search for Laputa, beginning a journey that burns with courage and love... Go Pazu! Protect Sheeta...' (Studio Ghibli",,,,,,,,,,,,,,,,,,
burn,shame,10,2012,BLOG,...planet.wordpress.com,,,,"remain silent, when I and so many of my sisters were disappointed -- or burned with shame -- that we could no longer participate in such a silly little game",,,,,,,,,,,,,,,,,,0
burn,fever,13,2012,BLOG,sott.net,,,,Personality Disorder. It is like becoming infected with emotional-malaria. One moment you're burning with fever. In the next instant your teeth chatter like chilled jackhammers. But,,,,,,,,,,,,,,,,,,0
burn,desire,6,2012,BLOG,...dragon.wordpress.com,,,,"be aggressive, and that is why chaperonage was around: if you do not burn with desire for your amorata don't marry. I missed cues where I was",,,,,,,,,,,,,,,,,,
burn,passion,5,2012,BLOG,...ahuwah.wordpress.com,,,,"9 translates the last phrase as "" for it is better to marry than to burn with passion "", but "" with passion "" is not implied here nor are",,,,,,,,,,,,,,,,,,
burn,rage,6,2012,BLOG,popwatch.ew.com,,,,"all turn out: Old Joe will kill the mother; Cid will escape, burning with rage and on his way to becoming a supervillain. So Young Joe makes",,,,,,,,,,,,,,,,,,
burn,indignation,4,2012,BLOG,pjmedia.com,,,,"at Pat Cadell's full 20 some minute presentation, in which he is fairly burning with indignation, and in which he finally identifies the MSM as "" the enemy",,,,,,,,,,,,,,,,,,
burn,indignation,5,2012,BLOG,tor.com,,,,"They came into the yard on a cloud of red dust, four young aristocrats burning with indignation and wine, and went into the potters' work shed and hauled",,,,,,,,,,,,,,,,,,
burn,love,6,2012,BLOG,...rhythm.wordpress.com,,,,"to bear: Make it a better place. And keep the flame of hope burning with love, While changing ourselves from within",,,,,,,,,,,,,,,,,,
burn,envy,3,2012,BLOG,roseburguu.org,,,,"encourage you to ask yourselves and each other: # Are there times when we burn with envy, heap praise on ourselves, are puffed up like a balloon,",,,,,,,,,,,,,,,,,,
burn,fury,4,2012,BLOG,psychologytoday.com,,,,"his desk without a backward glance. Between his lashes, his dark chocolate eyes burned with fury but there was something else in the depths that she hadn't seen",,,,,,,,,,,,,,,,,,
burn,hate,2,2012,BLOG,splcenter.org,,,,murder than to be the perpetrator. It is far better to forgive than to burn with hate. The challenge is mine -- and I challenge anyone who reads this,,,,,,,,,,,,,,,,,,
burn,lust,2,2012,BLOG,...ostoffice.gather.com,,,,". 27 And the men, instead of having normal sexual relations with women, burned with lust for each other. Men did shameful things with other men, and",,,,,,,,,,,,,,,,,,
burn,anger,1,2012,BLOG,radar.oreilly.com,,,,a token minority and have to prove yourself in every new situation. The slow burn of anger and resentment burns a lot of women right out of the industry and,,,,,,,,,,,,,,,,,,
burn,lust,1,2012,BLOG,crooksandliars.com,,,,to be married or burn in hell? # Some try to reinterpret it as burn in lust... # Yeah... right...... # Luke 14:25-26 # 25 And,,,,,,,,,,,,,,,,,,
burn,frustration,1,2012,BLOG,thingsicantsay.com,,,,! I do talk about my oldest daughter a lot to other moms -- to burn off frustration and to get perspective. But I have to be more careful to,,,,,,,,,,,,,,,,,,
burn,pride,1,2012,BLOG,...egalinsurrection.com,,,,"before Armstrong stepped out and into the history books. # I remember the wonderful burn of pride in my chest to be an American, an earthling -- a term",,,,,,,,,,,,,,,,,,
burn,horror,1,2012,BLOG,fanfiction.net,,,,"A'max. "" # Walt, Cleo, Jaz, and Alyssa watched the scroll burn in horror. And then they started protesting, and by they, I mean",,,,,,,,,,,,,,,,,,
burn,shame,1,2017,FIC,Bk:TeaWithJamDread,,,,"good woman, but my unhappiness did not begin then. Even now my face burns with shame as I confess that some years ago I became what I refer to",,,,,,,,,,,,,,,,,agony,2
burn,shame,2,2015,FIC,LegalStudiesForum,,,,"back of the crowd, hiding my face with the tail of my t-shirt, burning with shame. After five minutes of her yeUing, the door opened slowly and",,,,,,,,,,,,,,,,,ambition,1
burn,shame,3,2014,FIC,Bk:LastTaxiRideRanjit,,,,"Sikhs? "" # "" No. "" He feels the back of his neck burn with shame. # "" I'm sorry. I shouldn't have said that",,,,,,,,,,,,,,,,,anger,23
burn,shame,4,2014,FIC,VirginiaQRev,,,,"when you're at school, it's a living room.' "" I burned with shame, then anger. Years later, I finally figured out that my",,,,,,,,,,,,,,,,,anguish,3
burn,shame,5,2014,FIC,FantasySciFi,,,,"Ever had a mail-order bride ditch you at the altar? "" Chris's face burned with shame. "" No! "" he said. "" You're a lousy",,,,,,,,,,,,,,,,,animosity,2
burn,shame,6,2013,FIC,Bk:Caretaker,,,,"joins in the laughter, the shotgun barrel wobbling with hilarity. # Ranjit's neck burns with shame. # The truly enlightened ones Are those... # "" Come on",,,,,,,,,,,,,,,,,annoyance,2
burn,shame,7,2012,FIC,Bk:LuckyInLove,,,,"your entire class. "" # Mallory was surprised to find that she could still burn with shame at the memory. "" Because you wouldn't let me go to",,,,,,,,,,,,,,,,,anticipation,1
burn,shame,11,2011,FIC,NewEnglandRev,,,,", to know, command, and possess! But brimming with pride, hearts burning with shame, we reach our hands out to you, and beg you to",,,,,,,,,,,,,,,,,anxiety,2
burn,shame,12,2009,FIC,AntiochRev,,,,"him as mysterious is that, in spite of his trembling hands and his face burning with shame, he's glad he helped Linscott. If he's been used",,,,,,,,,,,,,,,,,ardor,1
burn,shame,14,2006,FIC,VirginiaQRev,,,,"of his own small misery, Landsman could be stubborn, too. Satisfied, burning with shame, he would watch unfold the grim destiny that he had been unable",,,,,,,,,,,,,,,,,compassion,2
burn,shame,15,2005,FIC,NewYorker,,,,"said she was silly, hysterical, call it what you like, Della, burning with shame and sorrow for her daughter's poor breasts, did not address a",,,,,,,,,,,,,,,,,confidence,1
burn,shame,16,2005,FIC,Bk:JoyComesMorning,,,,"the first time he had called her a transvestite. Remembering it now, she burned with shame and indignation. He had pretended it was a joke and flashed her",,,,,,,,,,,,,,,,,conviction,1
burn,shame,18,2004,FIC,VirginiaQRev,,,,"for a moment he wished he could put them on his face, his cheeks burning with shame. # "" I'm not just talking about Kenny, "" she",,,,,,,,,,,,,,,,,curiosity,7
burn,shame,20,2003,FIC,LiteraryRev,,,,"he grew old enough to understand they were laughing at him, and his cheeks burned with shame. # Letting his hand linger over a trill in order to give",,,,,,,,,,,,,,,,,desire,23
burn,shame,21,2002,FIC,FantasySciFi,,,,failed them. Just one night of peace. That's all. Then I burned with shame and tried to force the thoughts from my soul. # I went,,,,,,,,,,,,,,,,,determination,2
burn,shame,22,2002,FIC,NewEnglandRev,,,,"n't give her anything worth having. She shined with pride that day; I burned with shame. # I took one last look around, found Charly under the",,,,,,,,,,,,,,,,,disappointment,1
burn,shame,23,2001,FIC,Mov:Believer,,,,"they? She smiles. He manages a smile back and hurries away, face burning with shame. EXT. MOEBIUS APARTMENT, STREET -- NIGHT Danny comes out of",,,,,,,,,,,,,,,,,discomfort,1
burn,shame,24,1998,FIC,KenyonRev,,,,the woman. He pushed his hat sharply forward over his face which was already burning with shame. The sneering ghost he had seen in the train window and all,,,,,,,,,,,,,,,,,discovery,1
burn,shame,25,1998,FIC,KenyonRev,,,,"all a man could carry into death to give his Maker, and he suddenly burned with shame that he had so little of it to take with him. He",,,,,,,,,,,,,,,,,eagerness,1
burn,shame,26,1998,FIC,LiteraryRev,,,,""" Yeah, that's right. And fartin. "" # Victor's face burnt with shame. It was difficult for a man of culture and dignity to deal",,,,,,,,,,,,,,,,,ecstasy,1
burn,shame,27,1994,FIC,CreativeWoman,,,,fluid seeped down between her legs. Nina's heart beat quickly and her body burned with shame. What had happened with Petar... She could barely comprehend it.,,,,,,,,,,,,,,,,,embarassment,2
burn,shame,28,1994,FIC,FantasySciFi,,,,"s stink. "" # I looked down at the boy. His eyes were burning with shame and rage and hatred. Save as much of the human race as",,,,,,,,,,,,,,,,,embarrassment,21
burn,shame,29,1992,FIC,Ploughshares,,,,"let him lead me by the shoulder into the dance, and, though often burning with shame, stuck out three years in that club, an inch at a",,,,,,,,,,,,,,,,,emotion,1
burn,shame,30,1992,FIC,ChicagoRev,,,,"you. "" Joseph, taking the implements from the man, felt his ears burning with shame. So there had been no need to try and tear open the",,,,,,,,,,,,,,,,,envy,7
burn,shame,32,1991,FIC,Mov:Backdraft,,,,"this. (the suit' n tie) Wake up, kid. Brian burns with shame and anger as Adcox walks away. Stephen hands Brian a towel.",,,,,,,,,,,,,,,,,excitement,5
burn,shame,33,1990,FIC,Bk:PillarLight,,,,"the power of the resurrected Christ. He dropped to his knees with Thomas, burning with shame for doubting the disciples' testi- p83 mony and demanding to see for",,,,,,,,,,,,,,,,,fear,1
burn,fever,25,2003,FIC,Salmagundi,,,,"eyes, the father who sees not the body, but the soul. She burned with fever now, but longed for fires not of flesh, to burn and",,,,,,,,,,,,,,,,,fever,2
burn,embarrassment,1,2016,FIC,Bk:GoodNeighbor,,,,"the mere faade of moving forward had left me aglow. # Tonight my cheeks burned with embarrassment. # "" Well, I have to tell you, I'm",,,,,,,,,,,,,,,,,fright,1
burn,embarrassment,2,2015,FIC,Bk:SpringBridesYear,,,,"T-shirts and peg-leg jeans? Oh, to be twenty-two again. "" # Susanna burned with embarrassment, breathing deep, refusing her soul the sweetness of firing off a",,,,,,,,,,,,,,,,,frustration,4
burn,embarrassment,3,2012,FIC,Bk:LifeJoy,,,,"be baptized together. "" # "" Oh, "" Lindsay said, her cheeks burning with embarrassment. She knew that this issue would come up at some point,",,,,,,,,,,,,,,,,,fury,7
burn,embarrassment,4,2012,FIC,Bk:LastChanceBeauty,,,,"curled upward. The man ought to have a quizzing glass. # Her face burned with embarrassment. She had managed to tell the truth, and now she would",,,,,,,,,,,,,,,,,gratitude,1
burn,embarrassment,5,2012,FIC,Bk:RunFromFear,,,,"crockery was enough to jolt her from her stupor, and she felt her cheeks burn with embarrassment as she scrambled to clean up the mess. Real smooth, Talia",,,,,,,,,,,,,,,,,grief,2
burn,embarrassment,6,2012,FIC,Analog,,,,"Jones was thoroughly on die side of die giants, but a part of him burned with embarrassment at this humiation of a feUow human. # Then Baz set the",,,,,,,,,,,,,,,,,guilt,3
burn,embarrassment,7,2012,FIC,Bk:TumbleweedsNovel,,,,"written. The teachers praised the neatness of her papers and her penmanship while she burned with embarrassment under her classmates' sidelong gazes, but not enough to make herself",,,,,,,,,,,,,,,,,hate,17
burn,embarrassment,12,2011,FIC,Storyworks,,,,", pink, furry mess from my line and my rod. My ears were burning with embarrassment. # "" It's not funny, "" I said, fighting",,,,,,,,,,,,,,,,,humiliation,7
burn,embarrassment,13,2010,FIC,Analog,,,,"is a display in the LM. "" None ofthat was nonsense? My face burned with embarrassment. I had a lot to learn. The guidance team reported that",,,,,,,,,,,,,,,,,hysteria,1
burn,embarrassment,14,2007,FIC,SouthernRev,,,,"interrupted a woman who has recently been gang-raped in a crack house. Her cheeks burn with embarrassment. "" I'm sorry, "" she says. "" My name",,,,,,,,,,,,,,,,,impatience,5
burn,embarrassment,15,2005,FIC,Analog,,,,". "" I stifle the impulse to defend myself, and walk out, face burning with embarrassment. "" Hey, Larry, I hear you demolished the University West",,,,,,,,,,,,,,,,,indignation,7
burn,embarrassment,16,2005,FIC,Bk:BlackCreek,,,,"there she'd sat, in her seat in the last row, her face burning with embarrassment as a horrible silence fell over the room and half the class turned",,,,,,,,,,,,,,,,,irritation,1
burn,embarrassment,17,2002,FIC,LiteraryRev,,,,"she might want to begin again, on different terms, her terms? She burned with embarrassment and shame. # "" She's like a meteor. She's",,,,,,,,,,,,,,,,,jealousy,10
burn,embarrassment,19,1998,FIC,Mov:Godzilla,,,,INT. COMMAND TENT - SAME 119 Everyone stares at the television. Major Hicks burns with embarrassment. CAIMAN (filtered)... But why? Research team member Dr.,,,,,,,,,,,,,,,,,longing,1
burn,embarrassment,20,1994,FIC,Bk:NorthMontana,,,,a pair of lovers sneaking away for the weekend; even the thought makes me burn with embarrassment as the traffic suddenly lurches forward. The tunnel itself is no erotic,,,,,,,,,,,,,,,,,love,16
burn,embarrassment,21,1991,FIC,BkSF:FireSea,,,,"n't think so. "" "" Edmund, "" I said, feeling my face burn with embarrassment, I'm not sure what I think. The map itself does",,,,,,,,,,,,,,,,,loyalty,1
burn,anger,1,2017,FIC,Bk:BeyondYourTouch,,,,"He kept walking up the footpath, wading through the sheep. # My cheeks burned with anger. He couldn't be planning to... he wouldn't! #",,,,,,,,,,,,,,,,,lust,7
burn,anger,3,2014,FIC,Bk:BookStone,,,,"things about to spring; disembodied renegade shouts filled the air, the streets below burning with anger freed by the cover of darkness. Manhattan, too, looked different",,,,,,,,,,,,,,,,,madness,1
burn,anger,5,2013,FIC,FantasySciFi,,,,"an unpleasant laugh. "" You think it's funny? "" she said, burning with anger. "" Coming from someone who's been scamming them on Cet Four",,,,,,,,,,,,,,,,,need,3
burn,anger,7,2012,FIC,Bk:Untouched,,,,"tent would see how he'd thrown her entire body into overdrive. Her cheeks burned with anger, fear, and lust -- a potent combination. Kerry straightened her",,,,,,,,,,,,,,,,,outrage,1
burn,anger,15,2002,FIC,Highlights,,,,"sea. A few bite-sized sardines flipflopped free on the beach. Josh's ears burned with anger and disappointment. Grandpapa, Uncle Ant6nio, and Papa all struggled to",,,,,,,,,,,,,,,,,passion,18
burn,anger,17,1998,FIC,Analog,,,,"bright morning sunlight that came through the bedroom window seemed to make her dark face burn with anger. "" Help is coming, and you didn't tell me?",,,,,,,,,,,,,,,,,pity,
burn,anger,20,1990,FIC,Mov:JacobsLadder,,,,to his chest. Her tongue darts in and out suggestively. He eyes are burning with anger. Her mouth poises itself over his nipple. She toys with it,,,,,,,,,,,,,,,,,possibility,
burn,desire,2,2012,FIC,IowaRev,,,,"hand on her breast; who wanted to grab a pretty woman, a friend burning with desire, complaining about the normative brotherly lust of marriage. And the way",,,,,,,,,,,,,,,,,pride,
burn,desire,8,2007,FIC,NewEnglandRev,,,,"spit on her. When you couldn't lay a finger on her, you burned with desire, but now you've had her, right? So, sire",,,,,,,,,,,,,,,,,purpose,
burn,desire,9,2007,FIC,Bk:LethallyBlond,,,,"group photo of the ensemble cast, all perfectly coiffed and smileless, their eyes burning with desire to see justice done and have the show win its time slot in",,,,,,,,,,,,,,,,,rage,
burn,desire,10,2006,FIC,AntiochRev,,,,"a loquacious bird on a low, covered branch being eyed by a thick tomcat burning with desire. # Two hours later, the rain no longer falling, I",,,,,,,,,,,,,,,,,regret,
burn,desire,12,2000,FIC,SouthwestRev,,,,"or taxis, others that escape in two's rush into the nearest hotel, burning with desire for each other. Some sit in cafes, watching the performance.",,,,,,,,,,,,,,,,,relish,
burn,desire,15,1995,FIC,Bk:AllGlitters,,,,"eyes and waited for him to reach my lips, which by that time were burning with desire. As we made love, we heard the music and the murmuring",,,,,,,,,,,,,,,,,resentment,
burn,passion,6,2009,FIC,Bk:DevilsPunchbowl,,,,"# He stubs out his cigarette on a gravestone and leans forward, his eyes burning with passion I thought long gone from him. "" If I tell you more",,,,,,,,,,,,,,,,,satisfaction,
burn,passion,7,2005,FIC,Analog,,,,"you even talking about? We were fresh, we were new, we were burning with passion for the first time in our tiny little lives. What's the",,,,,,,,,,,,,,,,,scorn,
burn,passion,8,2005,FIC,Analog,,,,"at all, the Antarctican matter programmer, but rather the archived student, still burning with passion, over whom I had pined for a decade and more, risking",,,,,,,,,,,,,,,,,self-consciousness,
burn,passion,11,1998,FIC,Analog,,,,"that Richmond had put upon the sea seeking to topple his throne. His eyes burned with passion as they glared unwaveringly into hers. "" Is the chair empty?",,,,,,,,,,,,,,,,,shame,
burn,passion,12,1995,FIC,Ms,,,,"never needs laundering but magically cleans and renews itself each day. My own heart burns with passions that I can't begin to understand. I love our home,",,,,,,,,,,,,,,,,,significance,
burn,rage,1,2019,FIC,The Dalhousie Review,,,,"a bar sharing a joke about the hopelessness of husbands, but inside she is burning with rage. "" It's not in my head. There's something there",,,,,,,,,,,,,,,,,sorrow,
burn,rage,2,2019,FIC,Fan Fic,,,,"she had a rough idea of what happened with Pekka but it still made her burn with rage. He revealed his real name, Kaz Rietveld, making sense of",,,,,,,,,,,,,,,,,spirit,
burn,rage,7,2009,FIC,Bk:HittinBricksUrban,,,,"am? Tonight I'ma let you get it # for free. "" # Eva burned with rage, but he was right. She feared what he # had,",,,,,,,,,,,,,,,,,surprise,
burn,rage,8,1999,FIC,Bk:WhenIFallInLove,,,,"she said, hanging up the phone and looking heavenward, hoping for strength. Burning with rage, Bryan propelled the chair faster than any of them had ever seen",,,,,,,,,,,,,,,,,suspicion,
burn,rage,9,1998,FIC,Analog,,,,"and not against me. She made the right choice. "" Anna's face burned with rage. "" You call killing herself the right choice? If you were",,,,,,,,,,,,,,,,,uncertainty,
burn,rage,10,1997,FIC,Mov:Anastasia,,,,"n't as powerful as you thought! Rasputin walks slowly toward Anya and Dmitri, burning with rage. # RASPUTIN # I'll show you! # DMITRI # Run",,,,,,,,,,,,,,,,,worry,
burn,rage,11,1995,FIC,Mov:Metropolis,,,,was dying. # CHRISTOPH # (a whisper) Yes... Tanner's eyes burn with rage. # TANNER # You sealed off the system. When it crashes,,,,,,,,,,,,,,,,,zeal,
burn,rage,12,1994,FIC,BkSF:NeptuneCrossing,,,,/ he choked on the word /? died! / Bandicut felt himself suddenly burning with rage. /Before you started moking with my mind! / ///? I,,,,,,,,,,,,,,,,,,
burn,rage,13,1992,FIC,Tradeswomen,,,,"it, and leaned against the truck to watch her. # Her ears were burning with rage. It was a commingling of pride, anger, pain and frustration",,,,,,,,,,,,,,,,,,
burn,rage,14,1992,FIC,LiteraryRev,,,,", hastily drew her clothes together in front. But in her heart, she burned with rage and mortification. The familiar policeman was saying: "" When you,",,,,,,,,,,,,,,,,,,
burn,hate,1,2008,FIC,FantasySciFi,,,,"dotage is not a valid comparison, "" he finally decided. "" Who could burn with hatred for deeds done fifteen generations ago? Could you? "" "" Ah",,,,,,,,,,,,,,,,,,
burn,hate,2,1999,FIC,Analog,,,,"area of calm. Memnon and his Greek mercenaries stood disciplined and ready. Alchylus burned with hatred. "" Damned hoplite traitors. "" He prayed to whatever gods who",,,,,,,,,,,,,,,,,,
burn,hate,3,1998,FIC,ModernAge,,,,"them -- you have just seen him: Jacquot, a living skeleton, but burning with hatred -- came to help me with the distribution of the food. Each",,,,,,,,,,,,,,,,,,
burn,hate,4,1998,FIC,Mov:BigLebowski,,,,"on, Walter, we're ending this thing cheap. Walter's eyes, burning with hatred, are locked on Dieter's. # WALTER # What's mine is mine",,,,,,,,,,,,,,,,,,
burn,hate,6,1992,FIC,BkSF:CoralKingdom,,,,"soft as a breeze, the golden doors began to swing open. The man burned with hatred, a hot fire fanned by the bellows of a slowly returning memory",,,,,,,,,,,,,,,,,,
burn,hate,7,1990,FIC,Bk:FamilyPictures,,,,"the old man's face an expression of eager, contemptuous amusement. His heart burned with hatred for his father and for the town he lived in. It was",,,,,,,,,,,,,,,,,,
burn,indignation,8,1994,FIC,Bk:Recessional,,,,"I must sec if I can undo the damage I did,' and, burning with indignation, he wcnt to where the members of the tertulia waited:'",,,,,,,,,,,,,,,,,,
burn,love,8,1990,FIC,Bk:MigrantSouls,,,,reputation and life she used as the perfect model of the pure young woman who burns with love for Jesus. She herself may have been Jesus Angel's wife and,,,,,,,,,,,,,,,,,,
burn,curiosity,1,2017,FIC,Bk:Marked,,,,"is more dominant-whatever that may be. "" # Janie rubbed her chin, nearly burning with curiosity. She and Zane had met in dream worlds her entire life,",,,,,,,,,,,,,,,,,,
burn,curiosity,2,2014,FIC,NewEnglandRev,,,,"eat since morning, the young man quickly went back to the open book. Burning with curiosity and a fever, he searched for the place where he had left",,,,,,,,,,,,,,,,,,
burn,curiosity,4,2012,FIC,Bk:BackBloodNovel,,,,his legs and was descending hand over hand down the jib line. He began burning with curiosity and an apprehension he avoided giving a name and a hopeMagdalena! Once,,,,,,,,,,,,,,,,,,
burn,curiosity,5,2005,FIC,FantasySciFi,,,,"My attention, however, was on the girl at the back. I was burning with curiosity. She was obviously connecting to the Library, but to what extent",,,,,,,,,,,,,,,,,,
burn,curiosity,6,2004,FIC,BkJuv:AlicesAdventures,,,,"with either a waistcoat-pocket or a watch to take out of it, and, burning with curiosity, she ran across the field after it, and was just in",,,,,,,,,,,,,,,,,,
burn,curiosity,7,1990,FIC,Bk:WorldlyWidow,,,,"over the other, and made a steeple with his fingers. "" I'm burning with curiosity, "" he told her. "" Sit down and explain it to",,,,,,,,,,,,,,,,,,
burn,envy,4,2003,FIC,LiteraryRev,,,,"alternate, and eventually made the team because Adam Shultz got mono. # I burned with envy for the entire month of August, and while they practiced each morning",,,,,,,,,,,,,,,,,,
burn,envy,6,1998,FIC,NewEnglandRev,,,,"It's Santa Maria in Trastevere. "" Everyone paused to listen. The Frangipani burned with envy. Iyar, the month they dedicated the bell, ended with a",,,,,,,,,,,,,,,,,,
burn,envy,7,1991,FIC,Bk:Firm,,,,at the new French colonial with two new cars in the garage. They would burn with envy and wonder how the poor kid with no family and no status could,,,,,,,,,,,,,,,,,,
burn,humiliation,1,2012,FIC,Bk:IfSlipperFits,,,,"align themselves with her for fear of being ridiculed, too. # Her cheeks burned with humiliation. It took an effort to harness the impulse to lash out in",,,,,,,,,,,,,,,,,,
burn,humiliation,2,2012,FIC,Bk:QueensHunt,,,,"You need not stutter. The entire world knows. "" # Gerek's cheeks burned with humiliation. For once, anger kept his tongue under control. "" What",,,,,,,,,,,,,,,,,,
burn,humiliation,4,2010,FIC,Bk:HopefulHeartNovel,,,,"their laughter boisterous. Tressa staggered over to retrieve her abandoned bag, her face burning with humiliation as the men continued to hurl insults. Mrs. Wyatt assisted Luella to",,,,,,,,,,,,,,,,,,
burn,humiliation,5,2002,FIC,Ploughshares,,,,". "" Thank you. "" # "" Pozhaluista. "" # Anton's face burned with humiliation, and he blinked his eyes against the insult of this woman's",,,,,,,,,,,,,,,,,,
burn,humiliation,6,1991,FIC,Bk:TreasureSun,,,,"woman. "" "" You've already seen how poorly I encourage. "" She burned with humiliation as she remembered her performance before the mirror. She couldn't see",,,,,,,,,,,,,,,,,,
burn,humiliation,7,1991,FIC,Bk:TreasureSun,,,,"at her shocked, indignant face called forth a bark of his laughter. She burned with humiliation. "" You dare to call me stupid? You -- a man",,,,,,,,,,,,,,,,,,
burn,jealousy,1,2015,FIC,Bk:SleepingKing,,,,"ill with envy. He could swear the green serpent tattoo on his forehead actually burned with jealousy. # "" Come closer, Constantine. "" The resonant, terrifying",,,,,,,,,,,,,,,,,,
burn,jealousy,5,1998,FIC,Bk:EchoDarkness,,,,"so earlier? "" Marcus felt Arrias eyes fixed on him like hot coals, burning with jealousy. He wondered fleetingly what punishment the slave girl would receive at Arrias",,,,,,,,,,,,,,,,,,
burn,jealousy,6,1996,FIC,KenyonRev,,,,". He imagined Felicia's new man, naked and upside down. And he burned with jealousy. Yet Anita was so resolved to go around the world that he",,,,,,,,,,,,,,,,,,
burn,fury,1,2017,FIC,Bk:LightsCameraMurder!,,,,".' I swear, I'm gon na kill him!' Her eyes burned with fury.' Tell him to get it fixed right away!' She",,,,,,,,,,,,,,,,,,
burn,fury,5,2009,FIC,FantasySciFi,,,,a voice that had fastened to him like a disease of the throat. He burned with fury - not against the Maestro or myself - but against the unjust circumstances,,,,,,,,,,,,,,,,,,
burn,fury,6,1992,FIC,Bk:Prophet,,,,"and if I'm good he'll let it go. "" Then his eyes burned with fury. It was frightening to see. "" But that place is still",,,,,,,,,,,,,,,,,,
burn,hate,4,2004,FIC,FantasySciFi,,,,"with the drum made heavy walking of it. The cimanones, thirty dark men burning with hate for their former masters, seemed untouched by heat or rain. He",,,,,,,,,,,,,,,,,,
burn,hate,5,1999,FIC,Bk:PointOrigin,,,,""" His voice had more bite, his words more clipped. Benton's eyes burned with hate as he finally lifted them to me. "" Carrie Grethen is mocking",,,,,,,,,,,,,,,,,,
burn,hate,6,1990,FIC,Mov:WildHeart,,,,formally dressed onlookers stand aghast. Sailor stares up at Marietta. Both their eyes burning with hate. CUT TO: 139. INT. IGUANA MOTEL - SAILOR AND,,,,,,,,,,,,,,,,,,
burn,excitement,1,2019,FIC,NewYorker,,,,". # They're coming up on the part where Natalie Wood, her eyes burning with excitement, waves her arms and everybody stands back and the two cars hurtle",,,,,,,,,,,,,,,,,,
burn,excitement,2,2014,FIC,HudsonRev,,,,"her in our prayers. "" You try to look sad, but your stomach burns with excitement. So he got your letter after all, agreed to the plan",,,,,,,,,,,,,,,,,,
burn,excitement,3,2009,FIC,FantasySciFi,,,,"Mouse ignored his stubbornness. "" Jenna said to fetch you. "" His eyes burned with excitement. "" She's waiting up there with him. Freddie, listen",,,,,,,,,,,,,,,,,,
burn,excitement,5,1990,FIC,Bk:ThoseWhoHunt,,,,"was the only person in the whole theatre who was not startled. His eyes burned with excitement as she played her tiny role just as he had scripted it,",,,,,,,,,,,,,,,,,,
burn,impatience,2,2007,FIC,FantasySciFi,,,,", "" the man said. He was a big man, and his eyes burned with impatience. "" Who are you? "" Edward asked. "" You know",,,,,,,,,,,,,,,,,,
burn,impatience,5,1996,FIC,RussianLife,,,,"Petrovich Podtykin sat down at table, spread a napkin over his chest and, burning with impatience, awaited the moment when the bliny would be brought... Before him",,,,,,,,,,,,,,,,,,
burn,zeal,2,2001,FIC,SatEvenPost,,,,"? "" "" I was using the word ardent in its more basic sense -- burning with zeal, glowing with enthusiasm. "" Mr. Beasley interrupted, "" If you",,,,,,,,,,,,,,,,,,
burn,zeal,3,2001,FIC,SatEvenPost,,,,"that at last my great opportunity had come. At once, I found myself burning with zeal, glowing with enthusiasm -- in other words, ardent. "" Mr.",,,,,,,,,,,,,,,,,,
burn,zeal,4,1995,FIC,LiteraryRev,,,,"eroding words, whose only purpose was to lure him into the frying pan that burned with zeal, patience, and hunger. # He pictured his tragic end:",,,,,,,,,,,,,,,,,,
burn,zeal,5,1994,FIC,LiteraryRev,,,,"This is the greatest sin... the calf. "" Panting, I burned with zeal for my Lord and called out: "" My Lord, this gold",,,,,,,,,,,,,,,,,,
burn,lust,3,2010,FIC,Bk:BoleynWife,,,,"enough to think that he loved me. I hoped, I yearned, I burned with lust and jealousy, but I never cherished that illusion. Was there ever",,,,,,,,,,,,,,,,,,
burn,jealousy,1,2011,FIC,Bk:ConfessionsImproper,,,,"tried. But every time his friend mentioned his betrothed, he felt the sour burn of jealousy scraping over his throat. # Langley had been his friend for many",,,,,,,,,,,,,,,,,,
burn,jealousy,3,1993,FIC,BkSF:MovingMars,,,,"what I would do. "" Staring at the congratulatory handshake, I felt a burn of jealousy. Would I ever be able to think such convoluted and political thoughts",,,,,,,,,,,,,,,,,,
burn,resentment,1,2016,FIC,Bk:Rogue,,,,"you won't get anywhere near the radio room. "" # Osman's eyes burned with resentment. He summoned one of his men with a whistle. "" Sadiq",,,,,,,,,,,,,,,,,,
burn,resentment,2,2001,FIC,Bk:LastPrecinct,,,,"Marino exclaims. "" Where'd you hear that fairy tale? "" His eyes burn with resentment. He despises Jay and did the first time he ever laid eyes",,,,,,,,,,,,,,,,,,
burn,need,1,2019,FIC,SouthernRev,,,,"The cane fire dies and the air cools, but Minnie does not. She burns with need. All she sees is the new house. Juan returns from work",,,,,,,,,,,,,,,,,,
burn,need,2,2008,FIC,Bk:SeducedByStorm,,,,"least-was his overpowering sexuality, a force that tugged her toward him, made her burn with need despite their grave situation. // Head pounding from a brutal blow to",,,,,,,,,,,,,,,,,,
burn,need,3,1991,FIC,Bk:TrueColors,,,,"mind. "" We'd gone riding, but by then, we were both burning with need of each other. I pulled off your top and you let me",,,,,,,,,,,,,,,,,,
burn,guilt,1,2018,FIC,Windsor Review,,,,"my head. # "" You got a babysitter too? "" # My cheeks burned with guilt. What would I tell her, that I was just following her",,,,,,,,,,,,,,,,,,
burn,guilt,2,2017,FIC,Bk:WhatGoldBuys,,,,"crept back and saw her mother, face beginning to bruise and swell, Antonia burned with guilt for not running back to the shanty and beating the dirty man with",,,,,,,,,,,,,,,,,,
burn,worry,1,2017,FIC,Analog,,,,"4166668 # Though she'd checked the safety tether, Chizuru Koyama burned with worry. Two kilometers away, MacPherson Skylab's lights shone like an empty",,,,,,,,,,,,,,,,,,
burn,worry,2,2005,FIC,USCatholic,,,,"our home now, and we never complain. Our mother's eyes no longer burn with worry. # A colored kid comes in. He calls me Boss Lady",,,,,,,,,,,,,,,,,,
burn,worry,3,1995,FIC,Bk:ConflictsInterest,,,,""" You must go now, "" Amelia had said. "" Your mother is burning with worry and anger, and my own time in the Earth Walk is now",,,,,,,,,,,,,,,,,,
burn,anger,2,2011,FIC,Bk:UnderAttack,,,,"mix of Christmas-morning excitement, beautiful-man proximity, and ex-boyfriend angst. I felt the burn of anger, the hurt of loss, and the wild rush of pure animal",,,,,,,,,,,,,,,,,,
burn,lust,3,1996,FIC,ParisRev,,,,"about plagued lives and human failure and our hapless attempts at fulfillment and the slow burn of anger and bitterness. He wrote all over the damn wall, standing up",,,,,,,,,,,,,,,,,,
burn,desire,1,2013,FIC,LegalStudiesForum,,,,"671 "" When I burned in desire to question them further, they made themselves into air, into which",,,,,,,,,,,,,,,,,,
burn,grief,1,2016,FIC,Bk:IfAnythingShouldHappen,,,,"to take any chances. # I landed in Seattle that night, my eyes burning with grief and lack of sleep. I ached from shoulders to skull and could",,,,,,,,,,,,,,,,,,
burn,grief,2,1997,FIC,LiteraryRev,,,,an axe. I turned white from anger and began at the same time to burn with grief. # These few destructive acts weren't the last of it;,,,,,,,,,,,,,,,,,,
burn,hate,1,2008,FIC,Analog,,,,"Your beauty and your intelligence make you the most dangerous purveyor of all. They burn with hatred-I have seen it. "" Sierra turned from Synesius and the colors behind",,,,,,,,,,,,,,,,,,
burn,hate,2,2008,FIC,Analog,,,,"your beauty, your intelligence make you the most dangerous purveyor of all. They burn with hatred-I have seen it. "" She turned from him and looked again at",,,,,,,,,,,,,,,,,,
burn,compassion,1,2009,FIC,Bk:Reckoning,,,,. She'd never been able to quite forget the werewolf whose tawny eyes had burned with compassion for an injured demon. # When Logan's deep tones had floated,,,,,,,,,,,,,,,,,,
burn,compassion,2,1995,FIC,Mov:Metropolis,,,,"# DIGITAL GENA # Why? # CHRISTOPH # To live forever. His face burns with compassion as he explains. # CHRISTOPH # People plug-into this world, but",,,,,,,,,,,,,,,,,,
burn,uncertainty,1,1991,FIC,Mov:AddamsFamily,,,,"twenty-fifth seance. All those years, gnawed by guilt, undone by woe, burning with uncertainty... # # MORTICIA # (yearningly) Oh Gomez, don't",,,,,,,,,,,,,,,,,,
burn,agony,2,1997,FIC,FantasySciFi,,,,"cycle of misery, the darkness and the sobbing, until her chest and eyes burned with agony. And then, slowly, the memory settled, and she remembered",,,,,,,,,,,,,,,,,,
burn,annoyance,2,1993,FIC,Ploughshares,,,,"usually good? "" Soon all their attention was focused on him. # Jean burned with annoyance. This was their neighborhood restaurant. The fun of it was not",,,,,,,,,,,,,,,,,,
burn,anguish,2,2004,FIC,MassachRev,,,,"he saw himself as a creature driven and derided by vanity, and his eyes burned with anguish and anger. "" The truth is it's not like that.",,,,,,,,,,,,,,,,,,
burn,determination,2,1995,FIC,Mov:Metropolis,,,,"these people need to get home. Tanner cuts through the crowd, his eyes burning with determination. CUT TO: EXT. NIGHT CITY - TIVOLI PARK Tanner moves",,,,,,,,,,,,,,,,,,
burn,rage,1,1997,FIC,GoodHousekeeping,,,,poisonous stinging. I lashed out at people every chance I got because only the burn of rage was strong enough to make me forget that other pain. Anger is,,,,,,,,,,,,,,,,,,
burn,pity,1,2014,FIC,WestHumRev,,,,"be avoided most of the time, taken out of the package for the clean burn of pity now and then or to write a check. A form of hate",,,,,,,,,,,,,,,,,,
burn,disappointment,1,2012,FIC,SouthwestRev,,,,"fresh receipt in his glove compartment. He wouldn't mention it. His cheeks burned with disappointment. He considered getting a refund, scrapping the whole deal. Danika",,,,,,,,,,,,,,,,,,
burn,discomfort,1,2009,FIC,Triquarterly,,,,"s house, I would glance into the rearview mirror and see my dark eyes burning with discomfort and shame. Earlier in the summer, I'd thought to confide",,,,,,,,,,,,,,,,,,
burn,discovery,1,1993,FIC,Commentary,,,,"unknown to the dreamer, combinations that had never occurred to him. The dreamer burned with discovery. He knew that what he was hearing was the great and awesome",,,,,,,,,,,,,,,,,,
burn,eagerness,1,1998,FIC,WholeEarthRev,,,,"at those feet waving on Stan's shoulder and her face shone and her eyes burned with eagerness and she pinched up her lips into an "" ou "" and kissed",,,,,,,,,,,,,,,,,,
burn,anxiety,1,2002,FIC,Bk:Willow,,,,"asked, sucking back my breath and swallowing it down into my lungs, already burning with anxiety. A few of my classmates lingered just behind her in the room",,,,,,,,,,,,,,,,,,
burn,ardor,1,2009,FIC,RecContempFic,,,,"Moby Dick was fairly sighted from the mast-heads, Macey, the chief mate, burned with ardor to encounter him; and the captain himself being not unwilling to let",,,,,,,,,,,,,,,,,,
burn,hysteria,1,2019,FIC,MassachRev,,,,"he insisted that the Conchises did more than object. He sat, watching them burn toward hysteria, trying to gauge if he'd sparked a specific fear or just",,,,,,,,,,,,,,,,,,
burn,satisfaction,1,2009,FIC,Bk:LostRecipeHappiness,,,,"the fire, and scraped the garlic into it. The back of her neck burned with satisfaction, with worry and loss, with desire. She could smell him",,,,,,,,,,,,,,,,,,
burn,scorn,1,2011,FIC,Bk:Shadowfever,,,,Those ancient eyes that saw so much and asked only to be seen in return burn with scorn: Couldn't you have trusted me just once? Couldn't you,,,,,,,,,,,,,,,,,,
burn,possibility,1,1994,FIC,BkSF:NeptuneCrossing,,,,"a fishing net encrusted with diamonds, flung against a night sky. Each light burned with possibility, with connectedness and energy. His heart p 97 leaped. The",,,,,,,,,,,,,,,,,,
burn,purpose,1,2006,FIC,BkSF:Firestorm,,,,". How I will cherish that kiss. Then he looks at me. Eyes burning with purpose. "" Listen, son. There's no time for me to",,,,,,,,,,,,,,,,,,
burn,regret,1,2006,FIC,SouthwestRev,,,,", and instead of responding, she ducked down in the weeds. Now she burns with regret. She should have leapt up and waved her arms. She should",,,,,,,,,,,,,,,,,,
burn,relish,1,1991,FIC,Bk:TreasureSun,,,,"? "" "" I'm no common thief. "" The eyes behind the mask burned with relish. Frantic to soothe the beast, she agreed, "" I can",,,,,,,,,,,,,,,,,,
burn,loyalty,1,2003,FIC,Bk:RainFall,,,,"master, to a cause greater than himself. There was a time when I burned with loyalty, a time when, suffused with the samurai ethic I had absorbed",,,,,,,,,,,,,,,,,,
burn,outrage,1,2005,FIC,Analog,,,,"that trick had helped people see that beating horses was bad; privileged white children burned with outrage at Native Son; prudes wept over prostitutes when they heard "" Elle",,,,,,,,,,,,,,,,,,
burn,significance,1,1991,FIC,Bk:BuffyVampire,,,,"mineral -- the animus of its being. Now, if earth be a cryptogram burning with significance? the House of Man in which ubiquitous houseflies predicate brief lives --",,,,,,,,,,,,,,,,,,
burn,sorrow,1,2010,FIC,Bk:GhostMoon,,,,"into the stomach, could it? It seemed that the depths of her body burned with sorrow and regret. It was human, she tried to tell herself,",,,,,,,,,,,,,,,,,,
burn,surprise,1,2012,FIC,Bk:AllIWantIsYou,,,,"Connor, staring at her as she clutched the wedding dress to her breasts. Burning with surprise, she met Connor's eyes and his oddly appealing almost-smile. She",,,,,,,,,,,,,,,,,,
burn,conviction,1,1998,FIC,Mov:Blade,,,,"Whistler, I can't. Whistler clutches at Blade's arm, his eyes burning with conviction. # WHISTLER # Yes you can. Now get on with it",,,,,,,,,,,,,,,,,,
burn,emotion,1,2019,FIC,Fan Fic,,,,"joined their lady. # "" Thank you, "" she said. Her heart burned with emotion but she managed to control her voice. "" You've reminded me",,,,,,,,,,,,,,,,,,
burn,fright,1,2002,FIC,LiteralLatte,,,,"off his head during impact so all we can see are his blue eyes, burning with fright. # He has nothing to hold so I reach down and give",,,,,,,,,,,,,,,,,,
burn,frustration,1,2004,FIC,Analog,,,,".... "" You think all this is my doing? "" I burned with frustration and humiliation. I'm no Sasaru, but normally I could have",,,,,,,,,,,,,,,,,,
burn,madness,1,2003,FIC,Bk:WayWolf,,,,"was paralyzing. They were human, or what amounted to human considering their minds burned with madness, but with the wasted look of corpses and sparse streams of unkempt",,,,,,,,,,,,,,,,,,
burn,longing,1,2006,FIC,Triquarterly,,,,". As he trudged up the stairs and out into the light, his heart burned with longing. # He started his own collection with the 12 xu stamp of",,,,,,,,,,,,,,,,,,
burn,irritation,1,2008,FIC,Bk:MaverickWild,,,,"watching him shove his hat back onto his crusted hair. His sharp green eyes burned with irritation before he turned and walked into the general store. // "" Do",,,,,,,,,,,,,,,,,,
burn,love,1,2002,FIC,LiteralLatte,,,,"her voice, and when she leaves, you follow. # His lungs still burn like love or cancer from the run. He wonders. There is no girl",,,,,,,,,,,,,,,,,,
burn,fury,1,2001,FIC,BkJuv:AshesVictory,,,,"as it was supposed to, either, and he felt a fresh, lavalike burn of fury. The Peeps might not actually have executed her, but it seemed",,,,,,,,,,,,,,,,,,
burn,embarassment,1,2017,FIC,Bk:SunSandMurder,,,,"favorite outfit, again, for the fifth day in a row. A slow burn of embarrassment rose from my neck to my ears. I was thankful my dark",,,,,,,,,,,,,,,,,,
burn,rage,1,2007,FIC,Mov:Fracture,,,,she's gone. He stares down. Mourning her. Letting his grief slowly burn into rage. He gently reaches up and closes her eyes. Then he looks,,,,,,,,,,,,,,,,,,
burn,shame,17,2005,MAG,PsychToday,,,,"comforter on the king-size bed. It was littered with wrappers. My cheeks were burning with shame and calories. Tomorrow, I promised myself solemnly. And when tomorrow",,,,,,,,,,,,,,,,,,0
burn,shame,19,2004,MAG,BoysLife,,,,"father had said. "" He brings meat for our lodge. "" Cries-at-Moon had burned with shame. He was a year older than his brother-he had lived through 12",,,,,,,,,,,,,,,,,,0
burn,embarrassment,18,1999,MAG,ChildDigest,,,,"he still needs a box or a bag to carry them. "" My ears burned with embarrassment. Some detective I was! Tom smiled kindly. "" Thanks for",,,,,,,,,,,,,,,,,,0
burn,anger,4,2014,MAG,SatEvenPost,,,,"and valve replacement -- the very surgery she had rejected five months before. # Burning with anger, I told the astonished cardiologist that my mother had rejected surgery when",,,,,,,,,,,,,,,,,,0
burn,desire,3,2012,MAG,ChristCentury,,,,"prayer yourself? # If we believe that our God is utterly self -communicating, burning with desire to love us mto perfect fulfillment and happiness, surely our fundamental attitude",,,,,,,,,,,,,,,,,,
burn,desire,11,2001,MAG,Newsweek,,,,"Egypt's haphazard attempts to modernize and its shameless embrace of the West. Atta burned with desire to restore the old glories of Islam -- though peaceably, at least",,,,,,,,,,,,,,,,,,
burn,passion,2,2012,MAG,NationalGeographic,,,,"morning on a tropical island. # Cuban salsa sways with joy. It also burns with passion - an overheated music for an overheated island, from the sparkling white-sand",,,,,,,,,,,,,,,,,,
burn,passion,9,2004,MAG,AmSpect,,,,is a young Chinese who has spent several years studying outside of China and is burning with passion to see the emergence of a genuine Christian intellectual movement in China.,,,,,,,,,,,,,,,,,,
burn,indignation,7,2006,MAG,Smithsonian (1),,,,"left to pay my respects to the group's matriarch. Ulindi's eyes burned with indignation, but minutes later she drew me back with a sweet gaze.",,,,,,,,,,,,,,,,,,
burn,love,1,2014,MAG,America,,,,"liturgy, might include in their liturgical milieu both Burning Man and the God-man who burns with love. # So worry not. The nones are on the quest.",,,,,,,,,,,,,,,,,,
burn,envy,5,1999,MAG,Parenting,,,,"for a second time. At 42, I conceded defeat. Initially, I burned with envy when I saw mothers with two or three young children. I furtively",,,,,,,,,,,,,,,,,,
burn,jealousy,2,2014,MAG,Atlantic,,,,"Eagleton is looking at you with false modesty. You realize he wants you to burn with jealousy, but you only wish you could ask for your picture back.",,,,,,,,,,,,,,,,,,
burn,jealousy,7,1991,MAG,SatEvenPost,,,,"he would be struck by her radiance. Yet despite her vanity, she secretly burned with jealousy to think that Aida, a mere handmaiden, might truly be loved",,,,,,,,,,,,,,,,,,
burn,jealousy,2,1998,MAG,Redbook,,,,"so, well, hostile; and last but definitely not least, the slow burn of jealousy. But at least we were communicating again about something other than whose",,,,,,,,,,,,,,,,,,
burn,resentment,3,1990,MAG,NewRepublic,,,,lung disease in the days before Medicare. His recollections of poverty still make him burn with resentment against those who have had it easy their whole lives. I will,,,,,,,,,,,,,,,,,,
burn,guilt,3,1994,MAG,People,,,,"wanted to be like a rock for them and my mother. "" And he burned with guilt over having long wished his father were dead. Sammy's uncle and",,,,,,,,,,,,,,,,,,
burn,determination,1,2009,MAG,Bicycling,,,,"his eyes, just visible over his deeply tanned hands clasped to the aerobars, burn with determination. He's renowned for come-from-behind finishes, sometimes even picking up speed",,,,,,,,,,,,,,,,,,
burn,ambition,1,2010,MAG,MilitaryHist,,,,"Rome's most educated and intellectual rulers. A keen student of history, he burned with ambition. Addressing his troops, he spoke of previous Roman rulers -Trajan,",,,,,,,,,,,,,,,,,,
burn,self-consciousness,1,2005,MAG,Cosmopolitan,,,,"myself again, "" she says. 2 Enjoy Being Eye Candy Do you ever burn with self-consciousness when a guy checks you outeven if it's your boyfriend trying to",,,,,,,,,,,,,,,,,,
burn,pride,1,2007,MAG,SouthernLiv,,,,"I head to the American Shakespeare Center for performances that would make the bard himself burn with pride. -CASSANDRA M. VANHOOSER Flat Rock, North Carolina Truth be told,",,,,,,,,,,,,,,,,,,
burn,confidence,1,2004,MAG,Skiing,,,,"The low-profile tip occasionally dives in powder. PROPS: This user-friendly tool turns and burns with confidence. TESTER'S TAKE: "" A complete aggro package; ideal for",,,,,,,,,,,,,,,,,,
burn,animosity,1,2010,MAG,HarpersBazaar,,,,"married in the prefeminist dark ages, and her later professional success caused a slow burn of animosity in her husband. He'd say, "" I want the old",,,,,,,,,,,,,,,,,,
burn,embarassment,1,2003,MAG,NatGeog,,,,"NAG State College, Pennsylvania As an Indian and a Hindu, I found myself burning in embarrassment as I read your article. The root of the problem lies in",,,,,,,,,,,,,,,,,,
burn,shame,1,1994,MAG,Essence,,,,"gravy. A red blur, one whole side of my face on fire. Burning from shame as much as pain. The crimson color inside my skin suddenly exploding",,,,,,,,,,,,,,,,,,
burn,shame,31,1992,MOV,Red Shoe Diaries,,,,"sweetheart, talk to me. Stop me from going. Filled with fire, burning with shame, I kept telling myself over and over that I'd never go",,,,,,,,,,,,,,,,,,0
burn,anger,2,2015,MOV,The Quarantine Hauntings,,,,"speculation. From Dr. Jackson's writing, many believe that her soul is burning with anger, seeking retribution. We believe that is why her official cause of",,,,,,,,,,,,,,,,,,0
burn,desire,1,2018,MOV,Fahrenheit 451,,,,", just talk to me. What's going on? I, too, burn with desire. But I would rather walk with my brother in the darkness,",,,,,,,,,,,,,,,,,,
burn,desire,7,2010,MOV,The Buddha,,,,"re on fire, and we have to put that fire out. We're burning with desire, all right? We're burning with craving. Everything - -",,,,,,,,,,,,,,,,,,
burn,desire,17,1995,MOV,Slam Dunk Ernest,,,,"s dance like there's no tomorrow. [British_Accent] Oh, [Erma]... you, burning with desire... and I, alone, heartbroken... scrubbing an empty mall.",,,,,,,,,,,,,,,,,,
burn,passion,14,1992,MOV,Straight Talk,,,,know you Burning to show you And I've felt this way from the start Burning with passion I thought it was lasting Now it's burning a hole in my,,,,,,,,,,,,,,,,,,
burn,passion,15,1991,MOV,Soapdish,,,,"re burning. - I've got the flu! - No, they're burning with passion. - You're full of shit. - Of course, but",,,,,,,,,,,,,,,,,,
burn,hate,8,1990,MOV,Time Barbarians,,,,then I Shall cast an evil and wicked plague over your tribe. They will burn with hatred and disease Upon hearing Doran's name. This is not my people,,,,,,,,,,,,,,,,,,
burn,curiosity,3,2014,MOV,The Lady with the Dog,,,,"of life, I said to myself. I wanted to live. I was burning with curiosity. Probably you don't know what I'm talking about. I",,,,,,,,,,,,,,,,,,
burn,jealousy,3,2010,MOV,Death at a Funeral,,,,"of shit. You just can't get over it, can you? You burning with jealousy, all because I left and did what you always wanted to do",,,,,,,,,,,,,,,,,,
burn,jealousy,4,2007,MOV,Death at a Funeral,,,,"can't get over it, can you? Get over what? You're burning with jealousy because you spend three years working on a novel and you won't",,,,,,,,,,,,,,,,,,
burn,impatience,4,1997,MOV,Anna Karenina,,,,". Stop it. Yes, as you see, here is your devoted husband burning with impatience to see you. Is Seriozha all right? Is that all the",,,,,,,,,,,,,,,,,,
burn,desire,2,2011,MOV,From Prada to Nada,,,,"that long? - Yes. - What? Now, imagine a free spirit burning in desire for a man, Pepe el Romano, who climbs through your window",,,,,,,,,,,,,,,,,,
burn,uncertainty,2,1991,MOV,The Addams Family,,,,"our 25th seance. All those years gnawed by guilt... undone by woe... burning with uncertainty. Don't torture yourself, [Gomez]. That's my job.",,,,,,,,,,,,,,,,,,
burn,frustration,2,2008,MOV,Marley & Me,,,,Jenny's column. Read Sebastian's latest opus. Went running with Marley to burn off frustration. Didn't see him chew through the leash. Chased him 15,,,,,,,,,,,,,,,,,,
burn,spirit,1,2003,MOV,... Women's Maximum Security Prison,,,,". I MUST CROSS THAT RIVER OF SORROW INTO THE PAST, WHERE THE FLAMES BURN WITH SPIRITS. I WILL APPROACH AND LOOK FOR YOUR FACES TO FIND YOUR EYES",,,,,,,,,,,,,,,,,,
burn,love,2,1990,MOV,Tune in Tomorrow...,,,,are. Everybody's got to have something to hate. Hate burns. It burns like love. But why Albanians? Why not? The impact of reality.,,,,,,,,,,,,,,,,,,
burn,love,3,1990,MOV,Tune in Tomorrow...,,,,"me. How can you kill me if you love me? Margaret, hate burns like love/ Love burns like hate. It's because I love you that I",,,,,,,,,,,,,,,,,,
burn,hate,1,1990,MOV,Tune in Tomorrow...,,,,"you kill me if you love me? Margaret, hate burns like love/ Love burns like hate. It's because I love you that I'm doing this.",,,,,,,,,,,,,,,,,,
burn,shame,13,2007,NEWS,NYTimes,,,,", an uncashed check for $17.48, and then another for $7,632. My cheeks burned with shame. Next, an obscured shelf held a large drinking glass full of",,,,,,,,,,,,,,,,,,0
burn,anger,6,2013,NEWS,Atlanta,,,,"a year following his sentencing (and after two years behind bars), he burned with anger. He wanted everybody to suffer. The girl, the attorneys,",,,,,,,,,,,,,,,,,,0
burn,anger,13,2006,NEWS,Denver,,,,"autumn colors of the Wind River mountains glittering in the morning sun, Mary Thoman burns with anger as she remembers the months before the wolves were returned. In testimony",,,,,,,,,,,,,,,,,,0
burn,anger,16,2001,NEWS,CSMonitor,,,,"from Europe. Each presents a face of thoughtful composure, but inside, they burn with anger, guilt, or remorse. What makes the novel so compelling,",,,,,,,,,,,,,,,,,,
burn,passion,1,2013,NEWS,OrangeCR,,,,". She was mostly a middle of the pack kind of runner. But she burned with passion to push herself. As a 17-year-old high school junior, Fischbeck and",,,,,,,,,,,,,,,,,,
burn,passion,10,2000,NEWS,Denver,,,,"would seem to be an ulcer's best friend. But MacDonald, 37, burns with passion for his job, not with holes in his stomach. # '",,,,,,,,,,,,,,,,,,
burn,envy,1,2015,NEWS,WashPost,,,,"placed 10th. He later recalled looking up at the winner on the podium, burning with envy. On the plane home to Iowa, he vowed to return for",,,,,,,,,,,,,,,,,,
burn,hate,1,2012,NEWS,Denver,,,,"refuses same-sex wedding cake, "" Aug. 4 news story. In a world already burning with hate and discrimination, does a wedding cake -- a symbol of love and",,,,,,,,,,,,,,,,,,
burn,agony,1,2004,NEWS,CSMonitor,,,,"torturing naked Iraqi women at gunpoint. But for Farah al-Azzawi, these blurry photos burn with agony and shame. # Ms. Azzawi is part of a secret sisterhood:",,,,,,,,,,,,,,,,,,
burn,animosity,1,2018,NEWS,New York Times,,,,a list of discussion questions at the end of the novel. Her female colleagues burn with animosity at the newbie's rise; the newsroom is more toxic than the,,,,,,,,,,,,,,,,,,
burn,anxiety,1,1990,NEWS,WashPost,,,,"they? # You are frightened, you can feel your heartbeat and a cold burn of anxiety around your lower ribs. America may have the lowest highway fatality rate",,,,,,,,,,,,,,,,,,
burn,anger,1,1997,NEWS,Denver,,,,"flag was adopted) and 1989, only 45 flags are known to have been burned in anger. That's an average of one every five years, and in",,,,,,,,,,,,,,,,,,
burn,anguish,1,2015,NEWS,WashPost,,,,"this city's Summer of Freddie Gray. Three months after parts of this city burned in anguish over the death of Gray, who was fatally injured while in police",,,,,,,,,,,,,,,,,,
burn,anger,14,2005,SPOK,CBS_48Hours,,,,go. Back up and go north. ! STRASSMAN: Mississippi is burning with anger and frustration. ! UNIDENTIFIED-MALE: Youve got to get in,,,,,,,,,,,,,,,,,,0
burn,anger,18,1992,SPOK,ABC_Jennings,,,,"BITTERMANN: PROTEST / BURNING TIRES For nearly a week now, French farmers have burned with anger, believing that they will pay the price for the agricultural agreement between",,,,,,,,,,,,,,,,,,
burn,love,7,2001,SPOK,NPR_ATCW,,,,"my overcoat, off with my gloves. I need no overcoat. I'm burning with love. SIMEONE: In relation to other singers, Rob, men and",,,,,,,,,,,,,,,,,,
burn,excitement,4,1998,SPOK,NPR_Weekend,,,,"the 36 year old mother of two talks about riding spinning bulls, her eyes burn with excitement and pride. If there is one trait that women bull- and bronco-riders",,,,,,,,,,,,,,,,,,
burn,anticipation,1,2011,SPOK,CBS_Early,,,,going to be huge over Memorial Weekend this year. BILL-WHITAKER: But what has audiences burning with anticipation -- MAN: Harry Potter. I must see the second part of the,,,,,,,,,,,,,,,,,,
burn,suspicion,1,2011,SPOK,NBC_Dateline,,,,"closer look, and what they discovered about the fire and this couple left them burning with suspicion. Here's Keith Morrison. Unidentified 911 Operator: (911 audiotape",,,,,,,,,,,,,,,,,,
burn,fear,1,1999,SPOK,NPR_ATC,,,,"white fields, looking for foxes in the stubble, looking for their wild eyes burning with fear and shyness in the stunted remains of last summer's silk forest.",,,,,,,,,,,,,,,,,,
burn,desire,18,1995,TV,Nowhere Man,,,,"Tom. Welcome to New Phoenix. My name is Paul. I guess you burn with desire to ask questions is legitimate. Yes the lines of "" where we",,,,,,,,,,,,,,,,,,
burn,desire,19,1993,TV,The Fresh Prince of ...,,,,"IT AI N'T LIKE THAT. I KNOW YOU, WILL, BUT I STILL BURN WITH DESIRE FOR YOU, BABY. [LOW_VOICE] YO, JACKIE, I'M JUST",,,,,,,,,,,,,,,,,,
burn,desire,20,1990,TV,Tales from the Crypt,,,,"! NO! GET AWAY FROM ME! TAKE ME, LOGAN! I'M BURNING WITH DESIRE! AAH! SO MUCH FOR BURNING DESIRE. UGH. OH!",,,,,,,,,,,,,,,,,,
burn,passion,16,1990,TV,Full House,,,,"A LONG TIME. "" WHEN I SEE YOU IN THE HOUSE, MY HEART BURNS WITH PASSION. "" I CA N'T LIVE WITHOUT YOUR LOVE. SIGNED, HOT",,,,,,,,,,,,,,,,,,
burn,passion,17,1990,TV,Full House,,,,LEFT A LITTLE NOTE IN THERE FOR YOU. IT EXPLAINS EVERYTHING. HIS HEART BURNS WITH PASSION? HE CA N'T LIVE WITHOUT MY LOVE? JOEY'S HOT FOR,,,,,,,,,,,,,,,,,,
burn,passion,18,1990,TV,Full House,,,,"AND HOURS AND... HOURS. LOOK AT DANNY, BABBLING ON THE OUTSIDE, BURNING WITH PASSION FOR ME ON THE INSIDE. LOOK AT THESE WEASELS. ONE CA",,,,,,,,,,,,,,,,,,
burn,hate,5,1998,TV,Xena: Warrior Princess,,,,"always calm, Autolycus. But I'm not fooled. Inside you, you burn with hatred toward me, don't you? And it's only gon na",,,,,,,,,,,,,,,,,,
burn,hate,3,2011,TV,Enlightened,,,,"And everyone around you seems so mean and ugly. There are times I just burn with hate. Excuse me, Ma'am! In those times... God forbid,",,,,,,,,,,,,,,,,,,
burn,impatience,3,2007,TV,The Tudors,,,,"! - Look to your own marriage. How are you? - Burning. Burning with impatience. - My Lady, Archbishop Warham and Bishop Tunstall are here to",,,,,,,,,,,,,,,,,,
burn,lust,4,2001,TV,Will & Grace,,,,"... At least from the side view. His eyes, black as sin and burning with lust. Christian felt his man heat rise within his being. Suddenly,",,,,,,,,,,,,,,,,,,
burn,shame,8,2012,WEB,ambergontrail.com,,,,". My eyes burn from tears, my heart burns with envy, my face burns with shame. # I'm still angry. I had hoped it would lighten",,,,,,,,,,,,,,,,,,0
burn,shame,9,2012,WEB,whatever.scalzi.com,,,,"we were *never* even close to being poor. Reading that post made me almost burn with shame for having the things we have, which we do not NEED,",,,,,,,,,,,,,,,,,,0
burn,embarrassment,8,2012,WEB,huffingtonpost.com,,,,"for any mannerism that might betray my homosexuality. For years, my cheeks would burn with embarrassment if I ever looked back on these journal pages. I hated this",,,,,,,,,,,,,,,,,,0
burn,embarrassment,9,2012,WEB,m.fanfiction.net,,,,"touched me... it felt good, "" he felt as if his cheeks were burning with embarrassment. "" It felt good and you glowed and -- and then you",,,,,,,,,,,,,,,,,,0
burn,embarrassment,10,2012,WEB,...mongoose.populli.net,,,,"? You hoping to get a quickie, Doc? "" # Blair's face burned with embarrassment as he wondered how she'd guessed his thoughts so accurately. #",,,,,,,,,,,,,,,,,,0
burn,embarrassment,11,2012,WEB,mayoclinic.com,,,,"a gale-force temper tantrum. Everyone's looking at you, and your face is burning with embarrassment. # Could you have prevented the tantrum? What's the best",,,,,,,,,,,,,,,,,,0
burn,anger,8,2012,WEB,blogs.adobe.com,,,,"the silent still remains, an army of anti-adobeans are emerging, social networks are burning with anger about the bad direction taken and the bad PR announcements... and I",,,,,,,,,,,,,,,,,,0
burn,anger,9,2012,WEB,patheos.com,,,,". Because email can be composed, mailed, and received while both parties are burning with anger, as opposed to letters that require delays, it often throws gasoline",,,,,,,,,,,,,,,,,,0
burn,anger,10,2012,WEB,clashdaily.com,,,,"prepared it for the one who had come to him. "" # 5 David burned with anger against the man and said to Nathan, "" As surely as the",,,,,,,,,,,,,,,,,,0
burn,anger,11,2012,WEB,bible.cc,,,,"; his spirit was stirred up; his heart was hot within him; he burned with anger against those men; he was all on fire, as it were",,,,,,,,,,,,,,,,,,0
burn,anger,12,2012,WEB,amazon.com,,,,"man she's ever really seen who is not her father. This gets Pa burning with anger and hatred quickly. From this point on, the reader knows that",,,,,,,,,,,,,,,,,,0
burn,desire,4,2012,WEB,bdswain.com,,,,"press me up against the cold plaster in the hallway, my face and neck burn with desire. I push my ass into you, carefully, not wanting to",,,,,,,,,,,,,,,,,,
burn,desire,5,2012,WEB,...-about-beethoven.com,,,,". Beethoven, who had wanted to hold a concert for a long time, burned with desire to visit London. The British Philharmonic sent him an official invitation.",,,,,,,,,,,,,,,,,,
burn,passion,4,2012,WEB,goingbeyond.com,,,,"supposed to invest in, not seeing the breakthrough that they are wanting; hearts burning with passion but feeling a little clueless as to what to do with it right",,,,,,,,,,,,,,,,,,
burn,rage,3,2012,WEB,bible.cc,,,,"not to be understood as denoting the violent breathing and snorting of a hero, burning with rage and thirsting for battle (Knobel); nor is???",,,,,,,,,,,,,,,,,,
burn,rage,4,2012,WEB,bible.cc,,,,"fool of is what none like, and proud kings can not stand. Herod burns with rage and is like a wild bull in a net. So he #",,,,,,,,,,,,,,,,,,
burn,rage,5,2012,WEB,eskimo.com,,,,". "" Taka! I thought you were Mufasa! "" He righted himself, burning with rage at the mention of his brother's name. "" He's off",,,,,,,,,,,,,,,,,,
burn,indignation,1,2012,WEB,bible.cc,,,,"learning that anyone had fallen into sin. This may either mean that he would burn with indignation against those who had led them into sin, or be deeply excited",,,,,,,,,,,,,,,,,,
burn,indignation,2,2012,WEB,bible.cc,,,,"who is led by the example of others into transgression, and I do not burn with indignation? "" In either case, however, the general sense is,",,,,,,,,,,,,,,,,,,
burn,indignation,3,2012,WEB,bible.cc,,,,""" I not only enter into the feeling of the party offended, but I burn with indignation at the offender, I myself taking up his cause as my own",,,,,,,,,,,,,,,,,,
burn,love,2,2012,WEB,barnhardt.biz,,,,"the rest of us call "" The Sacred Heart of Jesus "", pierced and burning with love for you, your daughter and everyone else. But, if you",,,,,,,,,,,,,,,,,,
burn,love,3,2012,WEB,randomhouse.com,,,,"part of her deterioration -- her losing the capacity to really love someone, to burn with love, like the girls talked about, like in the movies. She",,,,,,,,,,,,,,,,,,
burn,love,4,2012,WEB,passtheword.org,,,,"too eager disposition, and suffer their emotions to pass, even when they seem burning with love; the latter seem harder and more insensible, and their state appears",,,,,,,,,,,,,,,,,,
burn,love,5,2012,WEB,...al.library.upenn.edu,,,,"than help him. They enjoy without understanding how they enjoy: the soul is burning with love, yet she does not understand how she loves. She perceives that",,,,,,,,,,,,,,,,,,
burn,envy,2,2012,WEB,ambergontrail.com,,,,"time, and I literally burn. My eyes burn from tears, my heart burns with envy, my face burns with shame. # I'm still angry.",,,,,,,,,,,,,,,,,,
burn,humiliation,3,2012,WEB,...mongoose.populli.net,,,,assured him that sometimes that happened. Even thinking about the unsuccessful attempts made him burn with humiliation. But with Blair it had felt natural.... right. In fact,,,,,,,,,,,,,,,,,,
burn,fury,2,2012,WEB,spiritlessons.com,,,,"We drew closer to a big flame ahead of us; it was huge and burning with fury. I continued going down slowly, seeing multitudes of flames and hearing",,,,,,,,,,,,,,,,,,
burn,fury,3,2012,WEB,infomotions.com,,,,"world--which, indeed, was the truth! Meanwhile, the Reverend Eustace Medlicott, burning with fury, had stalked to his room, and there tried to think of",,,,,,,,,,,,,,,,,,
burn,love,2,2012,WEB,...kespeare.palomar.edu,,,,"that saints they show not, For thousands vow to them subjective duty: They burn in love, thy children, Shakespeare het them, Go, woo thy Muse",,,,,,,,,,,,,,,,,,
burn,impatience,1,2012,WEB,bible.cc,,,,"lead him to sin or to cause him to fall, and I do not burn with impatience to restore him, or with indignation against the tempter? "" In",,,,,,,,,,,,,,,,,,
burn,lust,1,2012,WEB,bible.cc,,,,"in reference to the subject of which the apostle speaks. He can not mean burning with lust, no more than Virgil means so when he says, Aen. iv",,,,,,,,,,,,,,,,,,
burn,annoyance,1,2012,WEB,infomotions.com,,,,"cousin, Mr. Deanwood, and took no further notice of him. Mr. Medlicott burned with annoyance. Stella would really have to be careful or he would not go",,,,,,,,,,,,,,,,,,
burn,anguish,1,2012,WEB,mendele.com,,,,I saw myself as a creature driven and derided by vanity; and my eyes burned with anguish and anger. # World Wide Dubliners was conceived and,,,,,,,,,,,,,,,,,,
burn,ecstasy,1,2012,WEB,goodreads.com,,,,"will one day discard but for his inner being. His greatest desire is to burn with ecstasy, to commerge his little flame with the central fire of the universe",,,,,,,,,,,,,,,,,,
burn,gratitude,1,2012,WEB,bible.cc,,,,"one of the humblest conditions of the children of men. How should our bosoms burn with gratitude to him, and how should "" we "" be willing to serve",,,,,,,,,,,,,,,,,,
burn,desire,1,2012,WEB,goodreads.com,,,,"fast for Rocco, never giving up on him... # A slow burn of desire finally flashes and ignites between the ragged torn soldier and the compassionate lady",,,,,,,,,,,,,,,,,,
burn,frustration,1,2012,WEB,tvtropes.org,,,,"upper echelons. He would have, too, if he didn't crash and burn from frustration with it all being too easy and meaningless. # Though still commonly",,,,,,,,,,,,,,,,,,